,close,high,low,open,volume
2015-02-09,2366.77,2392.82,2311.8,2319.24,7390338300.0
2015-02-10,2403.55,2409.02,2355.14,2363.16,6886203100.0
2015-02-11,2415.13,2423.35,2395.2,2408.08,5053898300.0
2015-02-12,2416.45,2425.64,2384.49,2415.14,6066235800.0
2015-02-13,2427.47,2464.08,2415.43,2426.95,8379347900.0
2015-02-16,2431.21,2437.84,2413.6,2427.17,6260811600.0
2015-02-17,2445.26,2464.52,2437.69,2437.69,6001057300.0
2015-02-25,2407.46,2448.2,2395.53,2448.2,6398738400.0
2015-02-26,2478.06,2482.44,2382.69,2401.14,9470706200.0
2015-02-27,2474.59,2498.7,2466.83,2476.49,8565192300.0
2015-03-02,2479.24,2498.72,2459.42,2495.57,8805251800.0
2015-03-03,2396.8,2462.0,2395.83,2462.0,9127474200.0
2015-03-04,2397.99,2416.22,2378.93,2403.86,6429528500.0
2015-03-05,2366.9,2382.89,2344.95,2379.73,7777330000.0
2015-03-06,2371.62,2393.74,2366.02,2370.89,6480420500.0
2015-03-09,2429.87,2443.2,2321.26,2352.22,10619571600.0
2015-03-10,2395.43,2424.15,2390.6,2413.84,7843558600.0
2015-03-11,2408.5,2444.66,2399.54,2401.26,7007419000.0
2015-03-12,2485.11,2505.63,2423.43,2444.41,12477820100.0
2015-03-13,2495.28,2532.15,2477.4,2494.34,10420594100.0
2015-03-16,2550.86,2551.45,2485.29,2512.35,10413208200.0
2015-03-17,2583.2,2586.43,2556.47,2576.41,13209205200.0
2015-03-18,2649.64,2649.82,2592.26,2595.74,14795882100.0
2015-03-19,2630.24,2649.0,2613.76,2649.0,13359586800.0
2015-03-20,2680.68,2710.13,2617.07,2642.8,15375499400.0
2015-03-23,2720.67,2724.64,2690.48,2700.16,14209193500.0
2015-03-24,2683.65,2720.03,2649.62,2719.51,15361757900.0
2015-03-25,2649.16,2691.24,2626.66,2674.35,13227039900.0
2015-03-26,2687.76,2714.63,2621.45,2637.53,13344292500.0
2015-03-27,2689.24,2715.01,2664.86,2693.19,11986937400.0
2015-03-30,2784.46,2793.41,2704.8,2716.43,18138365900.0
2015-03-31,2754.66,2860.24,2744.93,2826.63,17583371800.0
2015-04-01,2799.45,2810.65,2751.37,2758.96,12528132200.0
2015-04-02,2781.64,2824.82,2746.3,2821.21,12218473400.0
2015-04-03,2817.18,2817.62,2764.35,2771.03,11296925100.0
2015-04-07,2889.45,2889.86,2838.89,2854.41,16013944200.0
2015-04-08,2952.08,2960.65,2879.97,2907.58,17985383700.0
2015-04-09,2931.77,3021.85,2914.7,2973.81,17676448300.0
2015-04-10,2986.61,2992.41,2911.46,2925.93,14121595800.0
2015-04-13,3041.13,3059.78,3016.97,3040.01,16933958300.0
2015-04-14,3052.41,3074.67,3013.31,3057.41,16230036200.0
2015-04-15,3053.3,3119.48,3039.26,3054.02,17902592900.0
2015-04-16,3183.3,3183.58,3033.25,3045.85,17196755400.0
2015-04-17,3235.33,3271.57,3216.21,3251.98,20765993400.0
2015-04-20,3164.46,3296.18,3146.84,3267.85,26597612700.0
2015-04-21,3214.36,3214.89,3135.22,3163.29,18442769200.0
2015-04-22,3299.22,3300.84,3204.44,3219.7,20173807100.0
2015-04-23,3273.4,3313.81,3245.76,3311.07,17713793100.0
2015-04-24,3223.96,3250.23,3161.97,3226.38,18513593600.0
2015-04-27,3308.45,3313.25,3257.97,3257.97,20026697500.0
2015-04-28,3282.33,3370.03,3255.77,3309.53,26604285900.0
2015-04-29,3283.28,3304.71,3243.54,3268.52,14666628500.0
2015-04-30,3250.49,3309.42,3249.25,3290.58,14628827900.0
2015-05-04,3272.01,3273.15,3204.31,3250.13,13327095300.0
2015-05-05,3148.81,3270.96,3132.94,3266.81,17060778100.0
2015-05-06,3139.02,3244.6,3110.11,3175.89,14799113800.0
2015-05-07,3094.88,3142.14,3093.73,3116.79,10944092900.0
2015-05-08,3110.45,3138.66,3045.01,3126.0,10327816500.0
2015-05-11,3169.13,3169.87,3075.2,3112.24,13376665900.0
2015-05-12,3188.31,3200.18,3136.46,3162.67,13081305400.0
2015-05-13,3141.3,3188.96,3122.34,3188.06,11730550400.0
2015-05-14,3128.57,3153.75,3107.68,3136.13,10533870600.0
2015-05-15,3060.41,3124.61,3044.85,3122.89,10999319500.0
2015-05-18,2998.39,3045.59,2997.13,3032.71,8704172400.0
2015-05-19,3116.09,3127.0,2996.72,2996.84,11120662700.0
2015-05-20,3122.85,3181.54,3105.63,3127.57,12455733200.0
2015-05-21,3150.9,3156.49,3111.0,3132.34,9475578400.0
2015-05-22,3248.86,3249.52,3170.45,3180.39,15002110400.0
2015-05-25,3349.95,3350.52,3263.96,3263.96,15858571000.0
2015-05-26,3386.59,3390.29,3320.15,3382.76,14789468400.0
2015-05-27,3344.74,3404.76,3327.24,3390.98,14747053900.0
2015-05-28,3124.62,3350.22,3120.97,3336.7,17825520600.0
2015-05-29,3111.33,3161.58,3036.96,3127.64,13378440400.0
2015-06-01,3244.32,3250.61,3082.16,3114.79,14102337300.0
2015-06-02,3258.31,3269.22,3201.22,3240.8,13480053300.0
2015-06-03,3238.43,3259.71,3193.54,3251.91,12830697700.0
2015-06-04,3299.03,3316.5,3113.22,3244.46,18456793900.0
2015-06-05,3303.99,3365.59,3234.25,3349.57,18814564800.0
2015-06-08,3458.71,3469.22,3308.3,3333.83,24825404200.0
2015-06-09,3414.0,3494.82,3376.02,3494.82,22044856100.0
2015-06-10,3370.38,3415.28,3338.68,3362.81,15529469100.0
2015-06-11,3347.12,3383.49,3313.59,3369.0,13807384800.0
2015-06-12,3350.25,3374.82,3319.2,3364.44,14526225500.0
2015-06-15,3262.48,3366.84,3254.62,3359.71,16732255900.0
2015-06-16,3179.65,3275.47,3149.08,3233.15,15596989800.0
2015-06-17,3211.71,3222.44,3144.49,3198.14,15957156300.0
2015-06-18,3068.49,3183.23,3067.49,3183.23,13734504200.0
2015-06-19,2903.06,3067.82,2900.79,3030.22,13178392400.0
2015-06-23,3003.16,3007.63,2822.47,2907.07,13561764400.0
2015-06-24,3045.24,3052.11,2962.65,3009.77,14158588200.0
2015-06-25,2943.99,3082.56,2929.11,3069.4,16015830700.0
2015-06-26,2736.7,2953.96,2678.77,2875.12,18335580400.0
2015-06-29,2678.37,2822.11,2530.83,2802.77,21201871400.0
2015-06-30,2870.03,2872.51,2628.0,2678.63,21959229800.0
2015-07-01,2736.85,2872.91,2721.48,2823.94,16995770200.0
2015-07-02,2714.25,2805.67,2611.86,2767.99,20904575400.0
2015-07-03,2582.27,2738.66,2511.16,2674.56,18436191800.0
2015-07-06,2750.0,2807.75,2649.56,2807.75,34483427900.0
2015-07-07,2812.45,2825.49,2612.11,2682.5,35031479800.0
2015-07-08,2608.98,2760.52,2546.46,2596.71,37745940000.0
2015-07-09,2781.08,2828.75,2493.64,2575.34,27117677000.0
2015-07-10,2898.41,2997.6,2717.71,2749.12,29625184200.0
2015-07-13,2869.05,2949.2,2805.91,2855.7,23334105500.0
2015-07-14,2763.07,2843.25,2717.03,2821.97,19436842400.0
2015-07-15,2757.95,2779.95,2665.95,2725.92,18594802800.0
2015-07-16,2742.85,2780.0,2708.72,2754.83,13524616300.0
2015-07-17,2807.07,2834.18,2723.74,2756.87,13024111200.0
2015-07-20,2783.76,2815.7,2766.94,2798.56,13086249500.0
2015-07-21,2772.77,2799.82,2743.16,2757.66,11582657800.0
2015-07-22,2739.79,2771.0,2721.35,2757.28,10665453000.0
2015-07-23,2790.76,2796.37,2736.38,2741.42,11358203900.0
2015-07-24,2741.04,2807.62,2735.3,2794.05,12392890800.0
2015-07-27,2493.29,2715.36,2491.12,2698.8,13664510400.0
2015-07-28,2485.67,2531.23,2400.87,2427.03,14033885500.0
2015-07-29,2531.45,2535.6,2459.08,2496.89,9307815400.0
2015-07-30,2467.37,2548.27,2459.92,2525.08,8694982700.0
2015-07-31,2461.24,2490.66,2432.49,2452.05,7472537400.0
2015-08-03,2479.72,2479.95,2419.85,2433.24,8807341000.0
2015-08-04,2534.71,2535.28,2462.73,2476.16,6603231700.0
2015-08-05,2487.06,2537.35,2485.6,2529.13,6288967000.0
2015-08-06,2467.53,2505.53,2446.96,2452.53,4780004700.0
2015-08-07,2503.8,2520.04,2479.25,2489.8,5756323900.0
2015-08-10,2617.66,2626.36,2517.95,2527.62,10962661300.0
2015-08-11,2590.71,2623.84,2578.65,2612.95,9958425600.0
2015-08-12,2561.13,2598.51,2557.26,2562.68,7535253000.0
2015-08-13,2580.78,2585.92,2522.35,2562.87,7008074200.0
2015-08-14,2577.04,2592.17,2565.59,2588.43,7294157200.0
2015-08-17,2550.47,2561.96,2524.13,2560.37,7113381900.0
2015-08-18,2407.97,2572.21,2405.83,2554.08,10124871300.0
2015-08-19,2430.28,2431.61,2326.24,2379.21,9048531900.0
2015-08-20,2356.92,2421.03,2356.33,2406.57,6834685300.0
2015-08-21,2271.36,2362.84,2261.31,2336.45,7846755300.0
2015-08-24,2058.25,2203.63,2046.85,2195.46,11542038300.0
2015-08-25,1914.05,2044.56,1890.38,1947.14,11856957700.0
2015-08-26,1942.45,2028.4,1874.22,1930.2,12411179600.0
2015-08-27,2094.72,2095.46,1957.74,1989.59,11658547000.0
2015-08-28,2159.96,2167.9,2097.78,2120.36,11529986000.0
2015-08-31,2210.45,2214.11,2071.41,2135.6,11719305200.0
2015-09-01,2230.32,2239.46,2103.48,2155.96,15831034400.0
2015-09-02,2243.63,2248.77,2137.19,2143.24,16606144800.0
2015-09-07,2133.98,2247.44,2127.48,2215.18,8567205700.0
2015-09-08,2180.13,2185.4,2084.03,2115.9,6198041400.0
2015-09-09,2211.2,2225.27,2175.77,2186.37,7696297300.0
2015-09-10,2208.48,2218.14,2175.37,2183.61,5303531900.0
2015-09-11,2195.39,2218.82,2180.24,2199.59,3622196900.0
2015-09-14,2228.15,2228.96,2126.29,2205.7,8478535800.0
2015-09-15,2175.17,2188.36,2142.02,2179.24,5548432800.0
2015-09-16,2241.95,2277.58,2142.2,2161.01,5602654800.0
2015-09-17,2194.82,2260.85,2194.03,2223.4,5584288700.0
2015-09-18,2198.99,2226.75,2192.27,2204.58,3607430100.0
2015-09-21,2214.45,2220.02,2176.66,2185.08,3690151300.0
2015-09-22,2237.31,2259.07,2210.49,2217.78,4256376700.0
2015-09-23,2178.55,2219.24,2174.92,2208.25,3423454800.0
2015-09-24,2188.09,2198.49,2170.68,2190.31,2507485200.0
2015-09-25,2183.4,2191.36,2150.02,2180.29,3599201000.0
2015-09-28,2169.94,2175.97,2145.75,2169.15,2026861800.0
2015-09-29,2127.2,2145.99,2114.3,2139.8,2548256000.0
2015-09-30,2146.12,2161.71,2133.88,2138.15,2502692500.0
2015-10-08,2191.34,2231.24,2189.99,2231.03,3925563000.0
2015-10-09,2219.29,2226.42,2195.16,2202.13,3313522200.0
2015-10-12,2283.43,2308.19,2220.63,2223.32,6235454500.0
2015-10-13,2270.95,2282.04,2259.27,2268.76,3690453700.0
2015-10-14,2253.91,2284.62,2252.38,2263.59,4196146300.0
2015-10-15,2297.9,2297.96,2252.33,2254.4,4694218900.0
2015-10-16,2323.78,2328.3,2301.49,2310.35,6016847500.0
2015-10-19,2318.47,2346.35,2303.16,2329.4,5322538000.0
2015-10-20,2337.08,2337.8,2297.76,2312.53,4669890500.0
2015-10-21,2340.36,2369.37,2268.82,2338.71,9767171800.0
2015-10-22,2331.79,2337.4,2297.05,2306.07,5465178100.0
2015-10-23,2343.97,2350.12,2319.78,2334.54,4885481300.0
2015-10-26,2350.02,2381.71,2340.5,2366.84,5279820800.0
2015-10-27,2349.9,2353.65,2302.09,2343.87,4664322000.0
2015-10-28,2310.7,2342.45,2308.55,2338.39,4093916200.0
2015-10-29,2307.34,2323.45,2301.37,2317.48,2925757900.0
2015-10-30,2312.97,2336.04,2298.97,2307.76,3717355600.0
2015-11-02,2280.09,2310.83,2279.47,2291.25,3309899400.0
2015-11-03,2271.65,2294.41,2265.67,2283.8,2731711800.0
2015-11-04,2370.5,2374.02,2277.2,2277.2,6200030900.0
2015-11-05,2440.65,2503.65,2365.85,2368.61,14874522200.0
2015-11-06,2493.48,2501.4,2427.28,2430.65,10219929800.0
2015-11-09,2534.08,2592.19,2501.72,2501.72,13319083800.0
2015-11-10,2522.68,2559.83,2498.46,2504.25,9087222400.0
2015-11-11,2505.83,2517.51,2474.04,2516.35,6608939600.0
2015-11-12,2476.43,2513.7,2466.29,2513.11,5839126000.0
2015-11-13,2447.77,2481.18,2444.2,2454.18,5593073700.0
2015-11-16,2447.29,2447.5,2407.94,2410.04,4234411400.0
2015-11-17,2453.26,2514.46,2449.74,2462.22,6824470500.0
2015-11-18,2439.45,2473.45,2433.46,2455.58,5987262600.0
2015-11-19,2468.49,2469.01,2436.9,2444.88,4194923400.0
2015-11-20,2466.76,2483.89,2458.78,2469.7,4809942600.0
2015-11-23,2456.84,2485.41,2451.55,2465.81,4409032900.0
2015-11-24,2447.9,2452.35,2421.39,2449.97,4095241400.0
2015-11-25,2459.56,2460.18,2430.35,2441.73,4260289900.0
2015-11-26,2450.96,2481.39,2450.09,2468.52,4493662900.0
2015-11-27,2334.44,2439.7,2320.07,2438.18,5595359500.0
2015-11-30,2336.29,2347.84,2280.68,2325.07,5256162900.0
2015-12-01,2344.83,2365.15,2314.79,2334.14,4193491100.0
2015-12-02,2458.41,2463.91,2337.03,2341.43,8167693400.0
2015-12-03,2461.45,2481.54,2422.56,2441.91,8174400100.0
2015-12-04,2397.56,2442.25,2392.88,2438.39,4783854100.0
2015-12-07,2395.58,2404.91,2379.55,2398.09,2917439500.0
2015-12-08,2364.34,2386.28,2356.93,2381.68,3381369400.0
2015-12-09,2369.74,2386.28,2356.94,2357.88,2842059200.0
2015-12-10,2357.21,2402.69,2353.22,2369.59,3199761800.0
2015-12-11,2342.45,2357.08,2324.63,2346.86,3159044900.0
2015-12-14,2414.92,2418.56,2316.9,2319.2,4748665300.0
2015-12-15,2383.83,2410.09,2377.07,2408.15,3460835300.0
2015-12-16,2376.53,2394.17,2371.43,2389.25,2849092300.0
2015-12-17,2408.32,2424.9,2386.09,2391.4,4403511800.0
2015-12-18,2422.84,2466.35,2404.15,2405.86,5396733400.0
2015-12-21,2500.06,2513.49,2414.84,2415.63,7367108700.0
2015-12-22,2496.05,2506.87,2477.67,2499.66,5124880300.0
2015-12-23,2503.06,2550.9,2492.43,2497.37,6818885500.0
2015-12-24,2481.75,2505.7,2451.45,2498.77,4830384200.0
2015-12-25,2492.34,2496.84,2474.33,2483.66,2962302400.0
2015-12-28,2411.41,2502.33,2411.21,2498.78,4820059100.0
2015-12-29,2432.88,2435.62,2405.17,2408.93,2759730600.0
2015-12-30,2432.77,2434.52,2399.92,2432.18,2842066200.0
2015-12-31,2420.8,2437.72,2409.76,2426.81,2997272200.0
2016-01-04,2270.46,2417.03,2269.97,2417.03,3462085100.0
2016-01-05,2288.11,2309.59,2223.05,2230.08,4807596200.0
2016-01-06,2317.65,2321.17,2274.47,2284.92,3808882000.0
2016-01-07,2180.59,2281.93,2171.32,2281.88,1108157500.0
2016-01-08,2219.61,2257.41,2154.58,2225.47,5152593100.0
2016-01-11,2120.23,2202.32,2119.7,2182.85,4848350500.0
2016-01-12,2131.37,2151.4,2115.36,2135.94,3514437400.0
2016-01-13,2105.51,2157.51,2104.93,2152.72,3202494400.0
2016-01-14,2132.08,2136.06,2052.3,2056.41,3663096500.0
2016-01-15,2070.93,2128.95,2058.7,2119.56,3464162300.0
2016-01-18,2069.27,2092.4,2039.05,2040.41,2680609500.0
2016-01-19,2128.57,2135.36,2060.28,2075.19,3722216800.0
2016-01-20,2088.72,2124.15,2076.16,2115.13,3922114500.0
2016-01-21,2040.98,2112.73,2040.53,2069.39,3435451500.0
2016-01-22,2061.96,2074.17,2026.27,2062.63,2706519600.0
2016-01-25,2065.44,2074.9,2049.25,2067.56,2174107400.0
2016-01-26,1951.61,2050.45,1944.91,2046.04,3775143700.0
2016-01-27,1953.46,1972.16,1908.04,1961.4,3930266400.0
2016-01-28,1912.72,1960.95,1900.35,1943.83,2971655300.0
2016-01-29,1973.01,1986.72,1914.4,1915.13,3824287700.0
2016-02-01,1937.07,1973.1,1917.24,1970.21,2733516000.0
2016-02-02,1969.62,1978.29,1934.91,1935.22,2615654000.0
2016-02-03,1952.37,1955.09,1929.81,1947.83,2197008000.0
2016-02-04,1974.24,1983.25,1960.13,1962.87,2502030500.0
2016-02-05,1967.26,1979.39,1962.23,1970.69,2045579500.0
2016-02-15,1948.28,1958.22,1914.49,1916.42,1889323100.0
2016-02-16,2000.9,2005.42,1957.54,1957.91,3060729100.0
2016-02-17,2014.44,2020.08,1993.89,1997.68,3437354800.0
2016-02-18,2009.27,2034.16,2007.22,2022.55,3093860700.0
2016-02-19,2004.11,2013.78,1993.05,2005.41,2163929000.0
2016-02-22,2053.86,2064.61,2016.36,2025.18,3905928400.0
2016-02-23,2029.52,2051.57,2013.98,2051.57,2687619100.0
2016-02-24,2041.39,2041.88,2009.35,2020.59,2622891700.0
2016-02-25,1932.6,2038.18,1925.2,2038.16,4245956300.0
2016-02-26,1955.4,1965.91,1930.0,1946.96,2630676400.0
2016-02-29,1944.61,1953.32,1891.1,1951.68,3916158300.0
2016-03-01,1973.19,1988.57,1931.98,1944.56,2959585900.0
2016-03-02,2043.41,2045.82,1979.17,1980.46,5097880200.0
2016-03-03,2053.27,2057.16,2031.54,2043.37,4547667100.0
2016-03-04,2122.27,2128.57,2040.08,2045.12,8595312600.0
2016-03-07,2107.67,2133.56,2097.78,2122.55,4005873200.0
2016-03-08,2115.16,2118.04,2037.29,2102.25,3900335500.0
2016-03-09,2111.92,2112.86,2053.84,2073.27,3808329000.0
2016-03-10,2061.45,2102.99,2060.06,2089.86,2087298100.0
2016-03-11,2070.72,2071.09,2039.59,2043.25,2444346100.0
2016-03-14,2078.41,2117.83,2071.12,2079.91,3511461700.0
2016-03-15,2101.12,2105.04,2055.32,2077.51,3464713100.0
2016-03-16,2136.13,2142.16,2084.77,2087.28,6038157700.0
2016-03-17,2131.48,2156.89,2113.44,2135.06,3807790200.0
2016-03-18,2141.18,2165.15,2131.38,2140.27,6225762400.0
2016-03-21,2193.39,2214.64,2154.49,2156.95,7826466500.0
2016-03-22,2173.26,2196.37,2167.43,2181.98,5053124500.0
2016-03-23,2175.28,2186.02,2159.46,2170.16,3524766400.0
2016-03-24,2137.59,2161.17,2137.19,2161.17,3387992700.0
2016-03-25,2149.2,2156.8,2135.53,2137.15,2278104900.0
2016-03-28,2123.03,2166.92,2116.98,2152.81,2590590600.0
2016-03-29,2106.86,2133.81,2100.92,2127.8,2565460400.0
2016-03-30,2157.53,2160.5,2124.09,2124.53,3563382900.0
2016-03-31,2156.54,2171.79,2149.24,2166.42,3228183700.0
2016-04-01,2167.78,2168.33,2124.13,2156.78,3490389800.0
2016-04-05,2180.26,2186.92,2147.09,2151.37,3887452100.0
2016-04-06,2168.04,2176.9,2156.52,2167.45,2834967800.0
2016-04-07,2139.4,2177.12,2138.33,2174.88,2583304400.0
2016-04-08,2123.8,2132.73,2114.26,2125.45,2282274700.0
2016-04-11,2148.44,2167.65,2140.56,2140.56,3021250400.0
2016-04-12,2143.9,2150.57,2135.29,2147.81,1939219800.0
2016-04-13,2171.32,2197.74,2157.21,2157.21,5111446800.0
2016-04-14,2178.87,2190.87,2166.63,2183.12,2487885600.0
2016-04-15,2182.07,2190.73,2172.97,2182.11,2381886000.0
2016-04-18,2158.23,2168.9,2154.38,2166.0,2441091800.0
2016-04-19,2163.61,2173.09,2156.18,2169.89,1839065000.0
2016-04-20,2154.89,2169.65,2093.82,2166.28,4756525800.0
2016-04-21,2147.72,2171.45,2129.91,2138.29,3062895100.0
2016-04-22,2157.72,2161.8,2133.81,2135.92,2019856900.0
2016-04-25,2148.28,2156.53,2130.3,2149.25,1715607100.0
2016-04-26,2155.79,2163.24,2140.57,2146.41,1544429000.0
2016-04-27,2145.38,2159.13,2143.9,2157.86,1452080100.0
2016-04-28,2142.06,2155.57,2131.86,2149.07,1735810600.0
2016-04-29,2135.51,2146.32,2134.19,2136.84,1594853800.0
2016-05-03,2158.27,2167.73,2131.38,2136.2,2581521500.0
2016-05-04,2152.93,2159.65,2147.76,2152.43,1742689300.0
2016-05-05,2152.88,2155.47,2145.11,2149.47,1477745200.0
2016-05-06,2107.01,2153.87,2106.44,2152.5,2464227500.0
2016-05-09,2072.47,2100.64,2064.69,2100.64,2402225300.0
2016-05-10,2072.38,2084.7,2061.99,2061.99,1716574600.0
2016-05-11,2078.41,2089.12,2068.65,2078.29,1805863300.0
2016-05-12,2084.84,2089.65,2055.51,2067.75,1792753000.0
2016-05-13,2076.19,2089.84,2072.26,2079.64,1528786900.0
2016-05-16,2082.62,2082.86,2064.68,2068.92,1357924400.0
2016-05-17,2075.47,2083.85,2069.27,2081.57,1485096300.0
2016-05-18,2078.76,2081.85,2053.72,2067.72,2303711200.0
2016-05-19,2073.8,2083.13,2069.9,2072.37,1405000600.0
2016-05-20,2083.12,2083.51,2064.44,2067.46,1389017200.0
2016-05-23,2082.41,2095.17,2077.94,2082.97,1447921100.0
2016-05-24,2066.64,2080.07,2062.5,2080.01,1310444300.0
2016-05-25,2071.91,2084.13,2068.68,2079.48,1128499700.0
2016-05-26,2076.14,2083.06,2062.17,2070.24,1312651200.0
2016-05-27,2074.92,2080.49,2069.52,2075.21,1057749200.0
2016-05-30,2092.16,2093.77,2065.64,2076.93,1771438500.0
2016-05-31,2155.66,2158.12,2092.22,2092.22,4065174200.0
2016-06-01,2138.96,2158.72,2138.56,2155.5,2547332400.0
2016-06-02,2137.65,2144.32,2129.94,2138.21,1635666600.0
2016-06-03,2152.64,2157.07,2135.53,2146.56,2052615200.0
2016-06-06,2136.32,2151.06,2131.92,2148.96,1365883700.0
2016-06-07,2139.07,2145.71,2134.61,2141.65,1406849100.0
2016-06-08,2132.96,2138.85,2124.84,2137.18,1640579100.0
2016-06-13,2084.3,2122.46,2083.29,2113.91,2102877100.0
2016-06-14,2095.02,2098.06,2079.4,2080.9,1535492400.0
2016-06-15,2106.63,2115.38,2073.1,2073.47,1954992500.0
2016-06-16,2094.81,2105.25,2091.49,2095.36,1796886100.0
2016-06-17,2102.2,2115.42,2093.69,2093.69,1784608200.0
2016-06-20,2104.22,2110.89,2092.83,2109.57,1209116000.0
2016-06-21,2104.56,2130.9,2100.06,2108.87,1769990500.0
2016-06-22,2115.77,2116.3,2098.63,2101.05,1354873300.0
2016-06-23,2105.53,2114.77,2098.36,2114.77,1528234500.0
2016-06-24,2076.3,2112.61,2052.98,2100.0,2260783000.0
2016-06-27,2095.89,2096.2,2070.82,2070.94,1648846700.0
2016-06-28,2102.05,2104.48,2084.18,2089.35,1758820600.0
2016-06-29,2122.97,2124.29,2104.23,2105.76,2945572600.0
2016-06-30,2122.63,2130.98,2120.41,2123.87,2035451700.0
2016-07-01,2127.09,2133.35,2122.86,2124.4,1613280400.0
2016-07-04,2163.29,2169.62,2120.49,2121.9,3086203100.0
2016-07-05,2168.86,2174.42,2159.9,2162.09,3230772800.0
2016-07-06,2167.1,2169.46,2149.04,2161.58,2453844900.0
2016-07-07,2166.88,2173.7,2153.77,2161.36,2697771000.0
2016-07-08,2148.76,2158.77,2147.14,2156.38,1935878900.0
2016-07-11,2155.72,2175.24,2150.37,2152.74,2860924500.0
2016-07-12,2200.35,2201.63,2156.59,2156.63,4025373300.0
2016-07-13,2197.79,2222.25,2191.59,2195.98,4327979700.0
2016-07-14,2195.23,2199.84,2184.49,2195.34,2415254300.0
2016-07-15,2192.39,2200.88,2186.36,2196.95,2158522700.0
2016-07-18,2187.98,2205.8,2184.05,2190.47,2952718000.0
2016-07-19,2175.4,2193.57,2163.31,2188.8,2180913500.0
2016-07-20,2167.12,2178.0,2163.11,2173.55,1456192600.0
2016-07-21,2177.78,2185.62,2168.48,2168.48,1804675400.0
2016-07-22,2157.23,2177.44,2154.36,2175.97,1838919000.0
2016-07-25,2159.55,2167.51,2152.09,2155.32,1452814400.0
2016-07-26,2182.51,2183.06,2156.77,2156.81,1840605100.0
2016-07-27,2173.97,2186.08,2125.27,2182.72,3793480600.0
2016-07-28,2163.81,2173.08,2153.89,2160.16,2587542300.0
2016-07-29,2155.24,2166.85,2151.93,2163.64,1871473000.0
2016-08-01,2147.56,2155.79,2136.11,2151.54,2015539600.0
2016-08-02,2148.45,2151.29,2138.19,2145.82,1259211100.0
2016-08-03,2145.79,2149.89,2136.6,2140.15,1530689300.0
2016-08-04,2143.84,2146.6,2130.17,2145.66,1495566300.0
2016-08-05,2148.68,2159.14,2137.31,2142.34,1616443400.0
2016-08-08,2159.67,2159.95,2137.52,2147.7,1677574000.0
2016-08-09,2175.34,2176.7,2157.76,2159.31,2282474500.0
2016-08-10,2170.1,2179.61,2169.13,2175.13,1739101900.0
2016-08-11,2177.06,2205.88,2168.13,2168.13,2658516600.0
2016-08-12,2222.49,2222.69,2175.85,2177.8,3443001200.0
2016-08-15,2287.66,2310.28,2225.62,2227.08,6374530800.0
2016-08-16,2257.7,2302.33,2253.41,2293.81,6124943400.0
2016-08-17,2253.74,2270.37,2241.94,2260.93,3084886600.0
2016-08-18,2244.72,2274.45,2235.05,2253.12,3388044800.0
2016-08-19,2249.34,2254.49,2230.33,2241.67,2890069300.0
2016-08-22,2237.13,2253.59,2235.01,2249.08,2619306000.0
2016-08-23,2241.95,2256.33,2232.44,2235.39,2302390300.0
2016-08-24,2232.21,2244.88,2227.56,2242.91,1812178700.0
2016-08-25,2222.15,2226.0,2205.01,2224.51,2181910400.0
2016-08-26,2219.31,2232.29,2215.62,2223.31,1643096500.0
2016-08-29,2214.26,2220.13,2205.12,2219.02,1985201200.0
2016-08-30,2224.06,2229.83,2215.69,2215.84,1984669200.0
2016-08-31,2232.71,2237.66,2218.65,2222.02,1695555200.0
2016-09-01,2220.4,2235.65,2219.25,2230.36,1902822400.0
2016-09-02,2229.89,2231.46,2215.64,2216.29,2040602300.0
2016-09-05,2228.72,2240.49,2224.93,2230.41,1781345200.0
2016-09-06,2232.45,2241.52,2217.48,2227.44,2125477100.0
2016-09-07,2236.55,2246.37,2230.58,2233.03,2209767100.0
2016-09-08,2236.63,2239.17,2230.82,2234.95,1417115700.0
2016-09-09,2229.31,2241.61,2228.66,2236.39,1741151300.0
2016-09-12,2199.98,2202.9,2175.33,2201.68,3454689100.0
2016-09-13,2193.19,2199.24,2185.82,2197.38,1496892400.0
2016-09-14,2176.52,2187.95,2172.4,2184.11,1816965700.0
2016-09-19,2189.46,2191.22,2178.76,2178.76,1413566500.0
2016-09-20,2184.21,2190.72,2181.02,2190.1,1102289400.0
2016-09-21,2187.15,2191.81,2180.5,2184.42,1244650900.0
2016-09-22,2200.7,2210.79,2192.49,2195.25,1539804300.0
2016-09-23,2196.29,2203.66,2195.08,2202.7,1172763600.0
2016-09-26,2167.26,2190.39,2166.82,2190.39,1694820900.0
2016-09-27,2176.45,2176.77,2162.44,2163.38,1259253900.0
2016-09-28,2166.72,2177.41,2165.33,2177.41,928843200.0
2016-09-29,2175.37,2183.17,2170.84,2170.99,1187946400.0
2016-09-30,2177.35,2182.61,2171.49,2171.94,921930500.0
2016-10-10,2202.87,2204.33,2185.47,2187.65,1930020200.0
2016-10-11,2209.23,2212.43,2202.12,2205.35,2116938400.0
2016-10-12,2201.0,2205.44,2196.85,2205.44,1547883700.0
2016-10-13,2202.12,2204.89,2194.6,2201.34,1830879000.0
2016-10-14,2209.81,2211.09,2196.26,2199.56,2395051000.0
2016-10-17,2192.88,2209.14,2189.27,2207.35,2316186700.0
2016-10-18,2222.78,2224.34,2189.93,2189.93,3177711700.0
2016-10-19,2221.53,2230.83,2217.63,2222.78,2943280900.0
2016-10-20,2223.42,2228.94,2218.97,2222.63,1977292400.0
2016-10-21,2240.75,2246.58,2221.04,2221.38,3566857700.0
2016-10-24,2270.95,2285.08,2243.81,2245.46,4960345100.0
2016-10-25,2266.17,2274.38,2258.92,2270.02,3242378800.0
2016-10-26,2257.12,2266.88,2254.63,2263.69,2714605700.0
2016-10-27,2250.26,2256.21,2243.63,2254.32,2343830900.0
2016-10-28,2253.8,2271.91,2249.49,2252.38,2823346100.0
2016-10-31,2250.47,2253.8,2236.2,2247.99,1981495500.0
2016-11-01,2263.48,2263.62,2246.95,2250.49,2201530600.0
2016-11-02,2244.74,2259.19,2242.77,2256.12,2226082500.0
2016-11-03,2273.63,2283.25,2239.87,2241.44,4091302700.0
2016-11-04,2271.93,2284.95,2266.92,2271.85,3619209100.0
2016-11-07,2276.95,2279.55,2265.36,2271.96,2596670400.0
2016-11-08,2282.42,2294.62,2276.74,2284.01,3259587400.0
2016-11-09,2263.92,2281.59,2244.43,2281.12,3735243100.0
2016-11-10,2289.45,2297.97,2279.94,2279.94,3456599800.0
2016-11-11,2308.43,2315.96,2284.29,2285.61,5694860100.0
2016-11-14,2317.77,2338.58,2303.97,2304.61,6168486500.0
2016-11-15,2310.9,2319.07,2306.23,2315.8,3448614000.0
2016-11-16,2309.94,2314.85,2302.14,2312.5,3259638600.0
2016-11-17,2316.72,2317.54,2297.74,2306.41,3545076300.0
2016-11-18,2307.27,2323.72,2304.55,2318.9,3447528500.0
2016-11-21,2334.68,2350.76,2304.77,2304.77,5751963700.0
2016-11-22,2353.0,2357.57,2334.68,2334.68,6598317700.0
2016-11-23,2360.34,2375.81,2352.4,2355.32,5406233100.0
2016-11-24,2368.73,2382.95,2355.8,2356.85,3715808900.0
2016-11-25,2393.95,2394.71,2358.26,2371.7,4432797500.0
2016-11-28,2403.14,2427.59,2398.41,2406.7,7755450400.0
2016-11-29,2441.58,2455.43,2395.81,2398.67,9303858600.0
2016-11-30,2419.41,2444.95,2411.56,2435.81,6897198000.0
2016-12-01,2431.31,2448.67,2417.96,2421.93,7360667400.0
2016-12-02,2416.51,2430.83,2401.06,2427.17,7762501700.0
2016-12-05,2375.26,2386.43,2363.13,2378.21,7242835700.0
2016-12-06,2368.68,2382.2,2367.0,2371.11,4259595500.0
2016-12-07,2376.92,2377.3,2358.87,2367.42,3631364600.0
2016-12-08,2379.0,2387.17,2374.47,2380.66,3965155600.0
2016-12-09,2411.31,2422.78,2372.46,2374.3,6786012700.0
2016-12-12,2387.16,2423.39,2362.14,2408.09,7057419400.0
2016-12-13,2372.93,2382.44,2357.46,2373.79,4120248600.0
2016-12-14,2360.38,2384.56,2359.72,2369.5,4680032600.0
2016-12-15,2309.82,2354.35,2302.43,2346.77,4258325200.0
2016-12-16,2302.32,2315.54,2298.43,2302.87,3057955100.0
2016-12-19,2291.38,2303.69,2288.3,2299.71,2416229700.0
2016-12-20,2279.68,2295.11,2262.88,2293.4,3010553300.0
2016-12-21,2297.37,2304.6,2282.0,2282.12,4018425600.0
2016-12-22,2292.04,2298.19,2280.79,2293.35,2922298000.0
2016-12-23,2278.48,2291.72,2271.13,2290.25,3306081700.0
2016-12-26,2294.71,2295.69,2251.71,2266.38,2992352100.0
2016-12-27,2286.96,2300.16,2286.43,2291.23,2459765600.0
2016-12-28,2277.18,2289.81,2269.16,2286.41,2330457400.0
2016-12-29,2275.11,2282.19,2265.89,2273.22,2399747100.0
2016-12-30,2286.9,2286.99,2272.5,2276.81,2548075500.0
2017-01-03,2307.89,2311.29,2285.27,2285.27,2590892000.0
2017-01-04,2322.21,2324.56,2304.17,2305.91,2610440300.0
2017-01-05,2322.68,2326.18,2317.89,2322.42,2652871200.0
2017-01-06,2308.94,2326.43,2308.37,2323.01,2644512400.0
2017-01-09,2318.34,2321.69,2307.16,2308.44,2652307400.0
2017-01-10,2312.6,2321.0,2309.94,2316.16,2405598100.0
2017-01-11,2300.47,2317.66,2299.31,2311.92,2692834600.0
2017-01-12,2295.4,2310.78,2294.32,2299.49,2213917400.0
2017-01-13,2308.06,2315.21,2291.06,2293.47,2754046700.0
2017-01-16,2337.39,2343.27,2282.24,2303.32,5929473500.0
2017-01-17,2329.59,2332.84,2320.03,2326.01,1917044900.0
2017-01-18,2342.78,2349.39,2327.93,2330.14,2029889100.0
2017-01-19,2334.96,2349.64,2330.34,2335.66,2109073500.0
2017-01-20,2347.18,2350.26,2333.47,2334.49,1751128800.0
2017-01-23,2347.1,2358.47,2340.53,2350.55,1931132100.0
2017-01-24,2352.42,2357.17,2343.46,2347.5,2011077700.0
2017-01-25,2358.7,2358.95,2345.7,2349.52,1780022100.0
2017-01-26,2364.02,2371.93,2359.43,2359.43,1862983100.0
2017-02-03,2339.99,2368.91,2338.2,2367.53,1451595100.0
2017-02-06,2343.97,2351.56,2336.9,2346.44,1989571500.0
2017-02-07,2337.53,2347.36,2331.78,2343.66,1697274000.0
2017-02-08,2346.43,2347.1,2323.91,2334.68,2423769100.0
2017-02-09,2354.9,2364.14,2343.73,2345.84,3138164600.0
2017-02-10,2368.18,2374.48,2357.21,2357.59,3930636000.0
2017-02-13,2379.31,2382.92,2369.49,2369.7,3460382600.0
2017-02-14,2373.51,2381.63,2367.05,2381.1,2422716700.0
2017-02-15,2372.19,2385.12,2369.43,2375.62,3894925700.0
2017-02-16,2376.76,2378.45,2366.16,2373.31,2962949700.0
2017-02-17,2362.71,2389.32,2361.0,2378.66,3109047400.0
2017-02-20,2394.12,2395.53,2361.51,2361.76,4469041100.0
2017-02-21,2396.88,2410.35,2393.37,2396.22,3256980000.0
2017-02-22,2398.19,2399.4,2389.06,2397.49,2451300900.0
2017-02-23,2387.42,2402.57,2379.56,2397.56,2345867100.0
2017-02-24,2389.88,2390.39,2377.1,2385.05,2568012100.0
2017-02-27,2370.56,2387.82,2365.47,2384.92,2382755500.0
2017-02-28,2370.71,2379.43,2366.24,2369.47,1679355800.0
2017-03-01,2371.93,2383.51,2368.62,2371.65,2786312400.0
2017-03-02,2354.91,2380.24,2354.14,2376.97,2306273100.0
2017-03-03,2347.15,2350.67,2338.85,2347.91,2048310700.0
2017-03-06,2349.89,2355.09,2342.52,2346.04,2111239900.0
2017-03-07,2356.29,2356.96,2347.17,2349.62,2025134800.0
2017-03-08,2358.07,2362.96,2351.7,2353.62,2436983300.0
2017-03-09,2346.55,2353.54,2334.34,2352.75,2663066700.0
2017-03-10,2339.23,2347.46,2336.32,2343.31,1798881100.0
2017-03-13,2354.89,2355.22,2328.62,2337.36,2462401100.0
2017-03-14,2354.9,2359.31,2349.28,2353.72,1901700600.0
2017-03-15,2357.31,2357.85,2345.44,2352.39,2106259500.0
2017-03-16,2369.19,2376.51,2362.36,2362.36,3027821000.0
2017-03-17,2346.96,2373.54,2342.02,2371.61,3076762300.0
2017-03-20,2350.07,2355.53,2337.53,2352.11,2714929100.0
2017-03-21,2357.14,2358.55,2348.87,2352.21,2888792100.0
2017-03-22,2338.55,2352.76,2330.12,2347.86,3289198200.0
2017-03-23,2347.43,2356.27,2334.12,2340.06,2671255200.0
2017-03-24,2365.6,2373.58,2341.62,2350.69,4012077200.0
2017-03-27,2364.43,2381.77,2360.67,2364.74,3549115600.0
2017-03-28,2356.31,2368.38,2353.08,2368.15,2481363500.0
2017-03-29,2352.69,2363.77,2349.12,2358.0,2901854900.0
2017-03-30,2346.67,2356.44,2335.23,2350.92,3111306600.0
2017-03-31,2359.75,2361.32,2340.77,2344.96,2950514600.0
2017-04-05,2384.26,2384.68,2365.34,2369.49,4007544200.0
2017-04-06,2390.39,2395.12,2376.15,2384.43,3932500300.0
2017-04-07,2388.27,2394.05,2379.33,2390.91,3624863000.0
2017-04-10,2379.16,2391.95,2377.43,2388.56,3125802600.0
2017-04-11,2382.11,2385.05,2354.02,2374.92,3920082600.0
2017-04-12,2378.86,2385.61,2362.43,2378.93,3364031600.0
2017-04-13,2368.11,2373.37,2364.44,2369.61,2279306000.0
2017-04-14,2355.52,2368.8,2344.61,2367.78,2431896900.0
2017-04-17,2357.52,2359.18,2334.89,2348.75,2637625000.0
2017-04-18,2337.35,2352.79,2336.77,2352.51,2375365600.0
2017-04-19,2325.04,2335.99,2311.66,2331.66,2791943500.0
2017-04-20,2335.65,2336.54,2321.0,2324.37,2657672500.0
2017-04-21,2347.67,2350.87,2333.23,2336.44,2707371200.0
2017-04-24,2341.93,2344.19,2323.67,2344.19,3109300700.0
2017-04-25,2344.74,2348.6,2334.0,2337.52,1938294300.0
2017-04-26,2344.5,2360.28,2338.86,2345.63,2647062200.0
2017-04-27,2351.64,2352.68,2327.47,2337.46,2983407600.0
2017-04-28,2347.04,2348.29,2331.82,2348.29,2073368300.0
2017-05-02,2336.79,2350.51,2334.88,2341.75,1621832100.0
2017-05-03,2329.77,2342.14,2324.19,2335.82,1874768500.0
2017-05-04,2325.43,2332.09,2317.14,2325.01,2076741000.0
2017-05-05,2320.6,2320.6,2297.45,2318.92,3095107400.0
2017-05-08,2326.1,2326.1,2298.32,2309.24,3465012300.0
2017-05-09,2316.29,2320.29,2307.87,2312.85,1615731500.0
2017-05-10,2324.92,2337.05,2315.56,2315.56,2231892600.0
2017-05-11,2339.29,2342.18,2313.83,2318.05,2839544100.0
2017-05-12,2375.45,2375.64,2335.37,2336.61,2890678400.0
2017-05-15,2381.75,2394.52,2378.97,2380.27,2341241000.0
2017-05-16,2381.32,2381.73,2362.11,2376.9,2389204700.0
2017-05-17,2363.56,2378.99,2361.63,2377.12,2085822500.0
2017-05-18,2354.75,2361.02,2347.38,2348.87,1712123100.0
2017-05-19,2361.66,2363.36,2351.52,2351.52,1430456800.0
2017-05-22,2381.55,2384.16,2358.78,2359.97,2278023100.0
2017-05-23,2411.8,2412.03,2376.64,2378.74,3462055600.0
2017-05-24,2407.57,2413.42,2382.19,2402.52,2277433200.0
2017-05-25,2473.5,2476.91,2399.27,2399.36,5036333500.0
2017-05-26,2471.21,2483.75,2462.23,2467.9,3098973300.0
2017-05-31,2479.08,2502.85,2462.26,2470.94,2987834400.0
2017-06-01,2496.45,2497.69,2465.48,2476.21,3076633000.0
2017-06-02,2475.46,2499.71,2472.65,2494.37,2366414800.0
2017-06-05,2450.35,2473.36,2442.27,2468.94,2873585700.0
2017-06-06,2466.01,2466.31,2444.19,2447.04,1746732200.0
2017-06-07,2484.03,2492.98,2464.19,2468.55,2713840800.0
2017-06-08,2507.03,2508.93,2475.74,2481.16,2207086000.0
2017-06-09,2519.27,2536.99,2504.9,2506.76,3377330900.0
2017-06-12,2521.17,2545.04,2512.14,2515.58,2572086900.0
2017-06-13,2515.14,2519.15,2499.73,2517.33,1748792100.0
2017-06-14,2477.32,2505.2,2471.62,2505.06,2184110800.0
2017-06-15,2461.97,2481.8,2453.13,2474.26,2070254500.0
2017-06-16,2452.79,2466.69,2448.31,2454.84,1651804400.0
2017-06-19,2484.12,2486.31,2453.35,2455.03,2059400400.0
2017-06-20,2474.43,2492.22,2467.77,2489.2,1777115300.0
2017-06-21,2497.25,2498.19,2468.51,2487.85,2035421700.0
2017-06-22,2516.67,2544.67,2491.92,2491.92,4374394400.0
2017-06-23,2529.1,2530.56,2496.66,2510.71,2940395100.0
2017-06-26,2543.32,2560.11,2531.28,2531.28,3971674800.0
2017-06-27,2554.7,2558.1,2529.24,2541.69,2698471300.0
2017-06-28,2537.64,2560.86,2537.24,2548.16,2819497000.0
2017-06-29,2552.98,2554.8,2532.46,2541.35,1975437600.0
2017-06-30,2549.97,2552.92,2533.86,2543.79,1867717700.0
2017-07-03,2534.37,2550.5,2522.74,2550.5,1830421300.0
2017-07-04,2511.15,2531.61,2506.68,2531.53,2354712800.0
2017-07-05,2548.1,2551.41,2507.92,2508.81,2060765400.0
2017-07-06,2553.88,2561.64,2534.12,2543.91,2223462400.0
2017-07-07,2543.66,2546.78,2527.55,2542.91,2251006200.0
2017-07-10,2550.11,2557.47,2530.93,2538.16,2530514500.0
2017-07-11,2570.59,2592.06,2543.05,2543.72,3396822800.0
2017-07-12,2565.14,2604.2,2555.38,2570.91,3707059500.0
2017-07-13,2600.95,2601.47,2563.22,2565.59,4287157400.0
2017-07-14,2622.98,2623.32,2593.43,2600.76,3365328500.0
2017-07-17,2631.41,2663.28,2594.42,2627.37,6086594900.0
2017-07-18,2624.31,2637.53,2596.12,2619.23,3943504000.0
2017-07-19,2657.89,2661.66,2618.37,2621.11,4868889700.0
2017-07-20,2665.45,2666.04,2643.64,2653.38,3758073300.0
2017-07-21,2639.21,2661.48,2635.0,2655.23,2971556200.0
2017-07-24,2654.38,2666.65,2632.76,2636.55,3305656600.0
2017-07-25,2643.07,2667.79,2639.61,2656.48,3418541300.0
2017-07-26,2636.2,2665.15,2617.55,2642.26,3544725600.0
2017-07-27,2636.63,2638.94,2610.58,2632.0,3067012600.0
2017-07-28,2636.39,2642.69,2619.04,2627.16,2193446500.0
2017-07-31,2638.12,2649.29,2626.18,2633.88,2864776300.0
2017-08-01,2681.81,2681.93,2638.02,2640.87,3382050700.0
2017-08-02,2680.63,2696.64,2675.2,2679.34,4222237700.0
2017-08-03,2646.22,2689.94,2644.99,2676.35,3181516800.0
2017-08-04,2627.8,2653.81,2627.25,2644.45,2795995200.0
2017-08-07,2634.18,2641.34,2613.82,2621.55,2608610900.0
2017-08-08,2635.18,2639.24,2622.26,2632.04,2578246800.0
2017-08-09,2620.38,2634.43,2618.81,2630.67,2470791100.0
2017-08-10,2611.34,2635.35,2590.86,2617.99,2817147900.0
2017-08-11,2570.26,2599.71,2566.57,2592.04,3517096000.0
2017-08-14,2591.45,2598.38,2567.6,2572.3,2611890000.0
2017-08-15,2605.24,2623.08,2592.92,2593.07,2790097600.0
2017-08-16,2595.0,2602.1,2586.34,2601.47,2035181100.0
2017-08-17,2604.08,2606.68,2591.54,2599.04,2057110500.0
2017-08-18,2613.26,2621.97,2595.86,2601.88,1989782800.0
2017-08-21,2616.82,2628.8,2610.26,2619.04,1943687200.0
2017-08-22,2643.5,2644.2,2620.16,2624.41,2711818200.0
2017-08-23,2659.78,2673.39,2639.66,2641.79,3469179400.0
2017-08-24,2646.4,2675.2,2641.83,2659.65,2993921100.0
2017-08-25,2706.24,2706.7,2645.45,2645.45,4749375100.0
2017-08-28,2736.46,2766.79,2715.47,2715.47,6050109800.0
2017-08-29,2739.13,2746.1,2726.22,2734.45,3526228400.0
2017-08-30,2728.23,2762.07,2720.66,2740.0,4205280300.0
2017-08-31,2714.63,2735.43,2701.88,2729.47,4018223400.0
2017-09-01,2710.12,2734.77,2700.16,2716.05,4309329600.0
2017-09-04,2711.35,2713.73,2691.78,2703.33,3319628900.0
2017-09-05,2729.85,2738.59,2711.17,2712.76,3053478800.0
2017-09-06,2714.33,2725.24,2703.65,2721.95,3113793300.0
2017-09-07,2691.83,2717.56,2690.88,2716.13,2763611100.0
2017-09-08,2686.69,2701.57,2681.44,2692.8,2447129200.0
2017-09-11,2674.75,2708.42,2673.62,2691.34,2908410100.0
2017-09-12,2692.54,2695.53,2672.28,2682.25,3078832300.0
2017-09-13,2687.67,2694.41,2676.25,2690.56,2119772000.0
2017-09-14,2672.84,2694.78,2666.82,2688.4,2858673700.0
2017-09-15,2668.38,2677.53,2659.73,2669.65,3464898000.0
2017-09-18,2674.18,2694.06,2670.2,2670.2,3313463900.0
2017-09-19,2670.69,2687.18,2661.61,2680.72,3008735900.0
2017-09-20,2662.63,2675.21,2661.87,2667.24,2536794000.0
2017-09-21,2675.55,2690.36,2660.53,2664.05,3175345200.0
2017-09-22,2679.05,2686.41,2662.84,2666.67,2635975000.0
2017-09-25,2680.65,2682.75,2667.31,2672.95,3198142000.0
2017-09-26,2678.99,2681.23,2673.4,2673.54,1928317700.0
2017-09-27,2661.55,2677.74,2659.6,2674.41,2005863700.0
2017-09-28,2661.28,2663.7,2653.46,2661.54,2166188100.0
2017-09-29,2672.33,2682.17,2660.86,2661.52,2020466800.0
2017-10-09,2692.08,2743.36,2688.54,2736.83,4148929200.0
2017-10-10,2695.54,2711.31,2671.94,2693.25,2997472700.0
2017-10-11,2707.52,2717.33,2692.77,2694.5,2459848300.0
2017-10-12,2718.35,2724.83,2702.31,2706.42,2392287700.0
2017-10-13,2713.38,2722.23,2711.95,2716.0,1927340900.0
2017-10-16,2726.64,2741.1,2715.05,2719.31,2557589800.0
2017-10-17,2723.53,2734.31,2716.4,2725.2,1797980900.0
2017-10-18,2753.01,2753.92,2723.76,2725.67,2826082100.0
2017-10-19,2756.04,2756.04,2743.13,2750.64,2861786900.0
2017-10-20,2737.64,2746.23,2733.72,2744.49,1609842100.0
2017-10-23,2734.37,2747.0,2732.63,2744.32,1954603500.0
2017-10-24,2753.65,2762.59,2730.84,2732.94,2487082700.0
2017-10-25,2752.14,2756.76,2746.27,2753.93,1964672200.0
2017-10-26,2771.04,2788.66,2753.73,2760.06,4147318800.0
2017-10-27,2814.27,2815.42,2769.43,2770.53,4030195600.0
2017-10-30,2809.11,2822.59,2780.05,2812.24,4800487900.0
2017-10-31,2793.71,2797.79,2785.16,2795.54,3237037100.0
2017-11-01,2789.4,2816.3,2782.06,2795.19,4620413200.0
2017-11-02,2794.1,2796.43,2771.15,2788.11,3752686800.0
2017-11-03,2800.47,2803.31,2770.12,2789.54,3890616000.0
2017-11-06,2792.22,2798.47,2776.95,2798.47,3326891000.0
2017-11-07,2821.96,2832.14,2792.7,2794.19,4936828000.0
2017-11-08,2819.96,2846.3,2811.11,2818.67,4476853000.0
2017-11-09,2832.96,2834.51,2809.96,2814.57,3270423200.0
2017-11-10,2862.34,2867.06,2827.74,2828.12,4419833800.0
2017-11-13,2873.51,2885.7,2865.72,2865.78,4845904900.0
2017-11-14,2861.42,2882.79,2853.78,2876.75,3603716000.0
2017-11-15,2850.05,2864.37,2839.46,2848.77,3297420900.0
2017-11-16,2879.4,2880.98,2840.36,2840.36,3205182400.0
2017-11-17,2938.8,2940.77,2867.59,2868.52,6847202300.0
2017-11-20,2941.15,2942.14,2897.2,2916.74,4384076500.0
2017-11-21,2987.17,3012.89,2927.61,2928.92,6364868200.0
2017-11-22,3012.36,3038.28,2989.82,3001.95,7455572900.0
2017-11-23,2940.73,3018.26,2919.65,3003.78,6699098600.0
2017-11-24,2936.83,2949.79,2907.1,2934.45,4542629600.0
2017-11-27,2917.31,2928.86,2885.6,2928.36,5018719700.0
2017-11-28,2897.11,2908.36,2872.53,2900.08,3069371000.0
2017-11-29,2893.28,2914.07,2855.85,2905.33,3600523700.0
2017-11-30,2863.45,2895.53,2850.31,2878.53,3580217800.0
2017-12-01,2842.18,2867.11,2834.26,2861.9,3078984400.0
2017-12-04,2861.36,2868.29,2823.94,2829.81,2691190100.0
2017-12-05,2910.48,2922.33,2851.32,2852.82,5959997200.0
2017-12-06,2875.73,2897.23,2845.13,2897.23,3169388300.0
2017-12-07,2848.89,2875.74,2828.23,2868.2,2794052700.0
2017-12-08,2865.34,2872.82,2832.8,2843.2,2536492700.0
2017-12-11,2899.1,2900.17,2857.98,2862.61,2868775100.0
2017-12-12,2850.2,2900.27,2849.39,2897.66,2608653100.0
2017-12-13,2872.94,2879.41,2834.93,2850.47,2238164900.0
2017-12-14,2850.05,2878.32,2841.92,2874.95,2276671900.0
2017-12-15,2820.17,2846.52,2817.32,2844.1,2666741800.0
2017-12-18,2829.06,2842.81,2815.82,2821.42,2070257300.0
2017-12-19,2873.03,2873.6,2827.44,2829.55,2378916800.0
2017-12-20,2879.64,2887.23,2861.54,2874.05,2845812300.0
2017-12-21,2895.37,2906.81,2862.23,2871.68,2578156100.0
2017-12-22,2880.77,2897.03,2876.02,2891.72,1895688000.0
2017-12-25,2880.1,2915.61,2868.86,2882.28,2631409900.0
2017-12-26,2894.34,2897.62,2868.6,2878.75,2700102300.0
2017-12-27,2839.63,2889.31,2832.02,2886.7,3213867600.0
2017-12-28,2859.05,2870.89,2829.54,2842.73,3435148200.0
2017-12-29,2860.44,2876.19,2849.68,2861.92,2863140000.0
2018-01-02,2908.73,2912.27,2867.53,2867.53,5400866800.0
2018-01-03,2913.26,2947.63,2906.6,2914.28,4820686500.0
2018-01-04,2919.48,2934.15,2910.66,2918.26,4352071100.0
2018-01-05,2932.36,2940.18,2920.08,2926.78,4994334800.0
2018-01-08,2947.76,2952.34,2926.87,2933.82,5805279300.0
2018-01-09,2969.32,2972.43,2947.12,2947.55,4058903400.0
2018-01-10,2995.56,2999.75,2966.18,2968.34,5776385000.0
2018-01-11,2997.04,3009.99,2981.33,2986.79,4235182100.0
2018-01-12,3018.6,3019.7,2993.56,2997.9,3816829600.0
2018-01-15,3048.81,3070.94,3022.47,3027.2,6498882100.0
2018-01-16,3063.86,3065.19,3035.77,3041.36,6426246800.0
2018-01-17,3076.18,3132.99,3060.22,3071.5,9106633000.0
2018-01-18,3106.55,3125.86,3084.28,3096.2,8770692600.0
2018-01-19,3117.82,3145.99,3100.41,3122.67,9495530200.0
2018-01-22,3130.33,3144.85,3104.4,3104.96,7746585200.0
2018-01-23,3176.5,3177.76,3144.28,3145.11,10169189900.0
2018-01-24,3180.33,3202.47,3150.55,3189.77,9913066700.0
2018-01-25,3157.46,3177.41,3124.46,3171.35,7736397600.0
2018-01-26,3172.78,3195.07,3147.48,3147.48,8216463700.0
2018-01-29,3120.7,3197.84,3107.96,3184.3,7292021400.0
2018-01-30,3079.12,3127.75,3077.31,3109.19,5427594400.0
2018-01-31,3116.83,3118.76,3062.53,3063.23,5560739700.0
2018-02-01,3141.23,3141.77,3101.34,3120.13,7219328700.0
2018-02-02,3149.64,3150.7,3082.99,3113.3,5290143600.0
2018-02-05,3181.34,3181.59,3095.99,3098.67,7160734800.0
2018-02-06,3117.49,3140.03,3094.49,3114.35,9864662200.0
2018-02-07,3029.6,3166.7,3020.39,3147.32,9470049200.0
2018-02-08,2945.84,3019.27,2911.4,2998.6,7311784600.0
2018-02-09,2810.03,2871.54,2724.59,2857.43,9192589900.0
2018-02-12,2805.21,2823.81,2776.96,2803.86,4629000400.0
2018-02-13,2852.72,2887.89,2834.39,2834.39,4662221100.0
2018-02-14,2871.79,2877.04,2841.24,2859.87,2534981400.0
2018-02-22,2931.88,2936.85,2900.87,2915.97,3929775300.0
2018-02-23,2957.17,2966.75,2926.36,2941.42,3820748900.0
2018-02-26,2973.79,2986.81,2933.52,2973.81,5021402700.0
2018-02-27,2927.1,2979.77,2918.01,2979.77,4620143500.0
2018-02-28,2878.67,2905.57,2866.46,2899.0,3875813400.0
2018-03-01,2891.3,2907.27,2852.49,2859.09,3228488800.0
2018-03-02,2864.18,2887.89,2852.01,2864.18,2986451700.0
2018-03-05,2863.99,2889.74,2846.93,2865.2,2996714900.0
2018-03-06,2892.48,2893.46,2838.61,2878.92,4759357600.0
2018-03-07,2878.15,2921.44,2868.04,2892.44,3791765800.0
2018-03-08,2898.25,2903.05,2865.55,2878.82,2896303700.0
2018-03-09,2908.2,2916.55,2891.87,2907.04,3150449000.0
2018-03-12,2909.58,2927.51,2897.24,2922.62,4498507600.0
2018-03-13,2883.38,2921.31,2878.2,2909.25,4060760300.0
2018-03-14,2871.33,2879.54,2860.97,2871.72,3088630100.0
2018-03-15,2894.98,2895.61,2860.41,2860.41,2626007500.0
2018-03-16,2870.73,2911.19,2869.97,2895.51,2719210100.0
2018-03-19,2897.26,2898.23,2856.17,2870.36,2604293000.0
2018-03-20,2904.4,2907.52,2877.1,2878.95,2712940300.0
2018-03-21,2894.18,2932.22,2879.53,2929.0,3338876200.0
2018-03-22,2866.67,2902.77,2851.29,2894.13,3050580800.0
2018-03-23,2791.47,2800.25,2754.66,2786.53,6262325100.0
2018-03-26,2738.87,2773.54,2709.57,2767.36,4274221000.0
2018-03-27,2747.59,2780.84,2726.36,2775.63,3921166400.0
2018-03-28,2694.83,2746.88,2687.96,2714.87,3458348600.0
2018-03-29,2738.79,2757.78,2657.49,2699.14,4235391900.0
2018-03-30,2722.15,2740.82,2714.77,2735.62,3168191800.0
2018-04-02,2711.37,2754.65,2707.63,2717.12,3469871900.0
2018-04-03,2697.27,2709.91,2683.05,2690.63,2862816200.0
2018-04-04,2702.37,2730.25,2698.89,2706.42,2673225800.0
2018-04-09,2715.73,2721.59,2688.83,2706.33,2629354900.0
2018-04-10,2780.8,2781.27,2710.87,2719.52,3808253500.0
2018-04-11,2785.34,2803.88,2767.38,2782.67,3898881100.0
2018-04-12,2749.7,2785.31,2747.77,2785.12,2611214800.0
2018-04-13,2726.4,2771.03,2724.17,2765.67,2175001400.0
2018-04-16,2664.7,2723.58,2656.52,2716.58,3674875700.0
2018-04-17,2635.7,2683.5,2633.59,2669.26,2713975100.0
2018-04-18,2653.77,2668.79,2623.97,2666.62,3154990300.0
2018-04-19,2682.55,2693.14,2656.15,2661.3,2602567700.0
2018-04-20,2647.38,2677.92,2632.75,2672.36,2813964700.0
2018-04-23,2664.92,2671.01,2636.68,2637.07,2532125100.0
2018-04-24,2722.85,2737.21,2669.61,2669.61,3944528900.0
2018-04-25,2702.98,2717.31,2696.22,2707.71,2350129300.0
2018-04-26,2666.02,2717.57,2652.42,2712.52,2353313500.0
2018-04-27,2653.54,2675.1,2613.53,2672.64,2837524800.0
2018-05-02,2652.73,2667.96,2637.06,2662.08,2665940200.0
2018-05-03,2663.98,2671.24,2626.54,2643.97,2622235000.0
2018-05-04,2646.35,2669.7,2643.26,2659.27,2076166300.0
2018-05-07,2683.85,2686.22,2638.17,2649.1,2660801000.0
2018-05-08,2722.88,2736.76,2682.79,2683.84,3164436400.0
2018-05-09,2717.24,2725.2,2706.48,2723.09,2026491600.0
2018-05-10,2729.4,2738.63,2712.47,2727.52,1960917500.0
2018-05-11,2724.72,2738.65,2720.55,2737.23,2348888500.0
2018-05-14,2753.54,2761.49,2736.04,2736.98,2706150100.0
2018-05-15,2750.83,2760.57,2731.57,2760.2,2252642200.0
2018-05-16,2716.78,2744.62,2714.26,2739.89,2180867900.0
2018-05-17,2700.88,2724.39,2698.17,2720.77,1674690700.0
2018-05-18,2740.53,2741.01,2690.99,2697.72,2292726700.0
2018-05-21,2745.8,2761.72,2739.68,2753.88,2776658200.0
2018-05-22,2728.0,2744.32,2711.06,2744.32,2334029500.0
2018-05-23,2683.69,2721.02,2683.59,2721.02,2542659400.0
2018-05-24,2665.68,2691.03,2664.12,2684.13,1973268900.0
2018-05-25,2661.29,2679.85,2650.34,2663.32,1994220500.0
2018-05-28,2673.2,2682.78,2650.4,2661.21,1853303900.0
2018-05-29,2663.4,2676.68,2642.87,2666.83,2689562400.0
2018-05-30,2605.9,2637.19,2604.91,2632.71,2420898600.0
2018-05-31,2658.29,2661.66,2624.67,2626.94,2650681000.0
2018-06-01,2647.19,2664.31,2637.37,2652.25,2038762400.0
2018-06-04,2694.58,2697.75,2658.57,2664.84,2254628800.0
2018-06-05,2707.02,2712.12,2680.24,2697.69,2221440500.0
2018-06-06,2692.18,2703.41,2688.33,2702.71,2052311800.0
2018-06-07,2695.24,2717.06,2693.1,2697.51,2351103000.0
2018-06-08,2652.08,2686.15,2637.36,2686.09,2603121200.0
2018-06-11,2660.41,2665.93,2633.08,2644.43,1977501800.0
2018-06-12,2687.7,2691.97,2650.97,2662.39,1964300800.0
2018-06-13,2671.63,2686.07,2662.75,2681.31,1938716500.0
2018-06-14,2671.3,2691.04,2659.57,2662.23,2135695700.0
2018-06-15,2667.98,2677.31,2657.51,2657.59,2561838900.0
2018-06-19,2599.78,2646.64,2571.69,2638.4,5757435500.0
2018-06-20,2598.33,2607.47,2567.5,2588.12,2383085500.0
2018-06-21,2579.05,2628.04,2575.17,2597.3,2463238600.0
2018-06-22,2583.71,2586.33,2553.3,2564.87,1965883400.0
2018-06-25,2536.46,2595.99,2535.12,2593.62,2344308400.0
2018-06-26,2506.72,2519.16,2470.15,2516.08,2645010000.0
2018-06-27,2452.64,2512.59,2438.04,2500.07,2742691900.0
2018-06-28,2425.18,2461.17,2418.3,2431.86,2285604900.0
2018-06-29,2479.91,2481.32,2429.59,2431.81,2076265300.0
2018-07-02,2386.38,2473.73,2370.4,2473.31,2610815100.0
2018-07-03,2388.98,2395.08,2331.84,2389.36,2907468000.0
2018-07-04,2368.43,2403.51,2365.89,2381.25,1966447700.0
2018-07-05,2374.36,2398.56,2352.97,2370.86,2526863900.0
2018-07-06,2402.62,2422.4,2349.48,2378.87,2492203000.0
2018-07-09,2471.29,2471.8,2410.52,2410.52,2433336600.0
2018-07-10,2471.23,2477.84,2448.86,2475.98,2137346000.0
2018-07-11,2432.28,2443.35,2409.31,2420.18,2085190100.0
2018-07-12,2474.62,2490.44,2425.67,2425.67,2732409300.0
2018-07-13,2476.86,2481.56,2464.95,2480.82,1983210000.0
2018-07-16,2448.76,2484.17,2438.86,2471.15,1987246200.0
2018-07-17,2430.44,2446.1,2414.35,2443.55,1666643300.0
2018-07-18,2420.76,2458.48,2419.32,2437.38,1780746500.0
2018-07-19,2426.16,2452.45,2418.66,2432.89,2044605400.0
2018-07-20,2493.76,2506.94,2409.05,2426.1,3445347100.0
2018-07-23,2526.81,2533.77,2478.19,2482.05,3962566300.0
2018-07-24,2563.58,2579.59,2534.07,2534.07,4883341600.0
2018-07-25,2563.69,2573.96,2550.97,2573.93,2650728100.0
2018-07-26,2530.99,2578.72,2525.67,2570.48,2532843100.0
2018-07-27,2525.09,2541.23,2515.89,2529.66,1896672800.0
2018-07-30,2541.31,2562.76,2515.55,2525.38,2450625500.0
2018-07-31,2545.12,2553.81,2521.82,2537.03,2024192900.0
2018-08-01,2490.25,2570.31,2489.12,2557.61,2737226900.0
2018-08-02,2440.31,2485.41,2412.96,2483.76,2960110900.0
2018-08-03,2413.5,2452.07,2413.25,2438.84,2154621300.0
2018-08-06,2406.54,2448.98,2393.68,2417.3,2572304100.0
2018-08-07,2479.78,2480.1,2407.64,2416.01,2975211000.0
2018-08-08,2447.0,2481.84,2443.07,2476.4,2359092900.0
2018-08-09,2504.62,2510.36,2435.79,2437.45,2657695900.0
2018-08-10,2503.21,2518.11,2485.98,2505.31,1942120900.0
2018-08-13,2478.51,2485.23,2442.23,2480.1,2294184900.0
2018-08-14,2469.2,2482.71,2454.98,2475.47,1707193100.0
2018-08-15,2408.72,2467.45,2405.6,2467.25,1975617300.0
2018-08-16,2405.16,2430.92,2367.05,2381.01,2549871800.0
2018-08-17,2374.17,2429.68,2370.04,2427.47,2062984800.0
2018-08-20,2409.13,2409.13,2370.82,2386.14,2300128300.0
2018-08-21,2452.38,2461.14,2410.89,2411.98,2435895500.0
2018-08-22,2450.15,2461.4,2438.94,2461.4,1605291600.0
2018-08-23,2461.07,2474.69,2435.16,2453.66,1885643000.0
2018-08-24,2472.0,2496.39,2438.72,2449.37,2076060800.0
2018-08-27,2522.34,2522.34,2482.52,2484.41,2838508200.0
2018-08-28,2511.15,2530.5,2503.81,2524.92,2140162700.0
2018-08-29,2503.48,2515.0,2497.82,2506.15,1818397700.0
2018-08-30,2479.21,2519.4,2479.21,2506.53,1823355200.0
2018-08-31,2474.48,2490.46,2455.99,2462.8,2622178100.0
2018-09-03,2465.88,2470.51,2445.87,2461.86,1830665500.0
2018-09-04,2500.44,2507.04,2451.72,2467.25,2059380500.0
2018-09-05,2441.23,2493.47,2441.23,2488.9,2131644400.0
2018-09-06,2416.03,2449.83,2408.93,2432.4,2087391100.0
2018-09-07,2437.68,2458.26,2416.16,2424.42,1836083000.0
2018-09-10,2413.43,2440.11,2410.79,2431.18,1804125700.0
2018-09-11,2398.77,2422.94,2387.64,2412.18,1811110100.0
2018-09-12,2381.39,2398.73,2373.04,2389.28,1684524500.0
2018-09-13,2415.31,2420.0,2381.03,2413.41,2147199100.0
2018-09-14,2425.42,2434.67,2410.66,2421.66,1639188300.0
2018-09-17,2399.88,2418.14,2397.94,2411.38,1368429300.0
2018-09-18,2458.77,2459.77,2391.73,2391.95,2289194200.0
2018-09-19,2487.08,2505.0,2452.58,2455.44,2897384800.0
2018-09-20,2487.42,2503.1,2480.54,2492.4,2294844100.0
2018-09-21,2573.6,2573.6,2485.41,2495.74,4175327800.0
2018-09-25,2547.79,2560.72,2536.43,2545.21,2432129000.0
2018-09-26,2582.77,2610.59,2553.17,2555.92,3370433800.0
2018-09-27,2575.45,2584.07,2561.58,2582.12,2295330900.0
2018-09-28,2606.67,2618.83,2577.98,2580.66,2878034500.0
2018-10-08,2486.82,2548.89,2481.18,2544.49,3370775200.0
2018-10-09,2491.66,2506.27,2476.35,2481.59,2166862000.0
2018-10-10,2494.06,2518.61,2472.19,2495.86,2042109500.0
2018-10-11,2390.5,2446.37,2369.03,2412.22,3693148600.0
2018-10-12,2444.13,2452.69,2390.99,2398.18,2900053300.0
2018-10-15,2412.48,2448.26,2407.55,2443.73,2054321600.0
2018-10-16,2415.49,2459.88,2407.0,2414.32,1983219900.0
2018-10-17,2429.21,2451.19,2384.14,2446.48,2485413000.0
2018-10-18,2369.07,2416.37,2367.71,2416.37,2276504600.0
2018-10-19,2446.32,2451.76,2344.98,2353.84,3138254800.0
2018-10-22,2540.15,2566.63,2463.49,2463.49,4632806800.0
2018-10-23,2464.81,2544.3,2451.67,2539.65,3541862300.0
2018-10-24,2477.49,2530.77,2459.21,2459.32,3702758100.0
2018-10-25,2485.1,2486.76,2415.49,2419.11,3113003900.0
2018-10-26,2468.91,2499.76,2445.83,2487.0,2879333500.0
2018-10-29,2389.58,2465.37,2377.99,2461.92,2872827700.0
2018-10-30,2415.65,2449.29,2378.82,2380.47,3246478600.0
2018-10-31,2451.12,2460.84,2413.34,2424.16,3450076300.0
2018-11-01,2460.16,2500.12,2455.73,2474.27,3769439000.0
2018-11-02,2542.77,2544.19,2489.07,2522.39,4732880400.0
2018-11-05,2511.59,2524.65,2489.59,2520.88,2826235900.0
2018-11-06,2499.68,2509.64,2478.38,2507.36,2210240000.0
2018-11-07,2482.33,2521.15,2479.25,2503.68,2615856400.0
2018-11-08,2486.0,2511.0,2480.33,2507.59,2031124600.0
2018-11-09,2434.21,2469.89,2434.08,2469.89,2803674200.0
2018-11-12,2444.97,2447.46,2419.97,2426.83,2290729900.0
2018-11-13,2462.97,2474.82,2413.78,2415.3,2768189800.0
2018-11-14,2429.99,2462.18,2425.97,2462.18,2701656500.0
2018-11-15,2459.14,2459.43,2427.07,2430.19,2474501700.0
2018-11-16,2461.44,2482.44,2443.12,2458.48,3150058300.0
2018-11-19,2492.08,2492.08,2461.8,2466.43,2972015300.0
2018-11-20,2446.79,2484.01,2441.85,2475.23,2694532200.0
2018-11-21,2451.27,2454.46,2425.23,2425.72,2190453400.0
2018-11-22,2437.64,2456.91,2426.12,2455.77,1642482800.0
2018-11-23,2399.2,2441.32,2398.73,2433.53,2121988900.0
2018-11-26,2401.9,2423.46,2393.98,2409.47,1621533900.0
2018-11-27,2394.29,2416.44,2387.93,2407.23,1496893600.0
2018-11-28,2421.13,2426.66,2394.25,2396.3,1705968600.0
2018-11-29,2401.85,2441.42,2401.85,2437.92,1984535300.0
2018-11-30,2428.04,2430.65,2402.54,2403.23,1932253400.0
2018-12-03,2488.06,2500.57,2467.94,2492.43,3536961200.0
2018-12-04,2496.14,2496.81,2476.91,2488.58,2384960500.0
2018-12-05,2481.79,2492.32,2465.25,2467.56,2048360900.0
2018-12-06,2434.49,2460.23,2431.86,2453.56,2167120500.0
2018-12-07,2430.72,2444.98,2427.89,2441.38,1453465300.0
2018-12-10,2408.61,2425.74,2399.32,2410.17,1758651500.0
2018-12-11,2415.58,2420.52,2405.87,2408.92,1288550500.0
2018-12-12,2423.32,2437.61,2414.33,2437.61,1423084600.0
2018-12-13,2457.9,2469.7,2423.57,2429.39,2808551000.0
2018-12-14,2423.38,2448.8,2423.09,2446.81,2585535700.0
2018-12-17,2425.94,2430.89,2409.01,2420.58,2117099700.0
2018-12-18,2397.87,2427.68,2388.98,2409.58,2068126900.0
2018-12-19,2369.55,2403.89,2366.4,2401.91,1866463300.0
2018-12-20,2334.92,2372.37,2319.1,2363.0,2689346100.0
2018-12-21,2306.15,2327.44,2288.4,2325.98,2475280700.0
2018-12-24,2309.23,2311.73,2286.99,2293.75,1831829600.0
2018-12-25,2297.33,2308.61,2256.47,2285.66,2400326200.0
2018-12-26,2281.56,2303.2,2278.29,2293.29,1578716400.0
2018-12-27,2276.06,2313.05,2275.04,2310.81,2675621500.0
2018-12-28,2293.1,2305.91,2278.25,2279.7,2427734800.0
2019-01-02,2262.79,2301.06,2252.75,2298.18,2088069700.0
2019-01-03,2269.24,2287.78,2253.94,2259.48,1889524000.0
2019-01-04,2314.65,2316.35,2249.37,2252.74,2590059600.0
2019-01-07,2314.32,2331.6,2306.9,2329.03,2527894800.0
2019-01-08,2305.17,2312.17,2298.95,2312.17,1813116000.0
2019-01-09,2332.72,2360.36,2318.44,2320.91,2874759600.0
2019-01-10,2331.85,2345.33,2321.3,2333.22,2228050700.0
2019-01-11,2354.5,2360.06,2334.91,2342.02,1841769300.0
2019-01-14,2331.14,2354.31,2330.0,2350.26,1646225200.0
2019-01-15,2378.37,2380.6,2332.41,2337.7,2246633600.0
2019-01-16,2381.22,2385.22,2366.34,2375.17,1809703900.0
2019-01-17,2371.35,2396.8,2370.58,2388.59,2155500000.0
2019-01-18,2417.36,2422.03,2380.56,2385.62,3008820000.0
2019-01-21,2432.49,2443.23,2418.0,2418.0,2623723600.0
2019-01-22,2401.23,2430.43,2394.18,2430.43,1937313700.0
2019-01-23,2397.05,2414.02,2392.64,2397.41,1629013500.0
2019-01-24,2411.56,2414.89,2385.1,2401.38,2041569700.0
2019-01-25,2441.64,2453.67,2418.01,2419.26,2568367900.0
2019-01-28,2437.03,2473.12,2429.88,2455.28,2346816300.0
2019-01-29,2455.9,2461.52,2423.46,2433.31,2186348000.0
2019-01-30,2440.01,2462.61,2439.33,2445.86,1783517000.0
2019-01-31,2483.47,2487.1,2450.18,2454.64,2668129800.0
2019-02-01,2499.64,2503.55,2479.34,2502.1,2195005400.0
2019-02-11,2527.47,2528.38,2484.65,2485.5,2521157000.0
2019-02-12,2533.18,2537.29,2515.03,2528.1,2545880400.0
2019-02-13,2580.61,2587.88,2528.23,2538.42,3982183200.0
2019-02-14,2576.31,2585.51,2564.87,2572.64,2771851500.0
2019-02-15,2517.46,2568.79,2515.89,2566.34,3031579600.0
2019-02-18,2582.85,2583.4,2540.3,2540.53,3740059200.0
2019-02-19,2579.05,2614.36,2568.18,2586.86,3790737900.0
2019-02-20,2588.17,2599.55,2569.98,2593.79,2996518100.0
2019-02-21,2577.23,2615.47,2569.48,2586.74,3525285500.0
2019-02-22,2623.07,2623.09,2555.73,2576.0,4138415100.0
2019-02-25,2787.7,2788.67,2652.91,2652.91,9693905100.0
2019-02-26,2733.9,2804.16,2729.48,2781.31,8723016100.0
2019-02-27,2750.34,2794.93,2722.31,2739.11,7550886500.0
2019-02-28,2743.97,2767.86,2733.03,2749.87,4634095900.0
2019-03-01,2819.47,2819.47,2747.21,2764.95,5610014700.0
2019-03-04,2832.59,2907.82,2816.98,2839.4,9218016700.0
2019-03-05,2828.87,2835.11,2807.12,2829.5,6034923500.0
2019-03-06,2840.27,2847.38,2797.5,2827.86,6949222400.0
2019-03-07,2789.7,2831.36,2773.35,2831.36,7326395900.0
2019-03-08,2685.59,2753.55,2684.2,2731.53,7203392800.0
2019-03-11,2708.6,2714.09,2670.79,2683.76,5201405200.0
2019-03-12,2719.77,2759.61,2704.69,2730.53,6486754400.0
2019-03-13,2723.96,2747.96,2699.98,2731.5,5406457100.0
2019-03-14,2729.13,2752.66,2716.27,2720.19,4347181300.0
2019-03-15,2755.81,2783.51,2735.86,2736.0,4412309600.0
2019-03-18,2825.18,2827.26,2749.2,2763.23,6160523500.0
2019-03-19,2806.9,2842.45,2797.72,2830.24,4345905600.0
2019-03-20,2812.92,2831.63,2787.28,2799.32,4032224700.0
2019-03-21,2802.96,2822.63,2799.83,2816.45,4363138500.0
2019-03-22,2795.39,2813.52,2771.96,2804.72,3598807000.0
2019-03-25,2718.18,2765.84,2717.29,2757.81,5214091500.0
2019-03-26,2706.15,2739.29,2693.91,2737.37,4007395500.0
2019-03-27,2741.59,2751.72,2714.09,2721.14,3354201800.0
2019-03-28,2733.97,2742.7,2709.39,2728.04,3184030300.0
2019-03-29,2838.51,2845.23,2746.11,2747.54,5967666900.0
2019-04-01,2892.62,2906.15,2860.14,2860.14,7791214600.0
2019-04-02,2888.53,2903.87,2878.39,2900.63,6118746100.0
2019-04-03,2920.0,2923.92,2865.3,2869.85,6472374900.0
2019-04-04,2951.98,2959.59,2921.2,2927.1,7303571600.0
2019-04-08,2962.27,3007.83,2938.65,2978.5,7453190900.0
2019-04-09,2967.51,2980.12,2948.31,2968.08,5080214200.0
2019-04-10,2979.1,2996.41,2941.35,2957.27,4869243800.0
2019-04-11,2928.43,3000.1,2920.19,2982.39,4281114400.0
2019-04-12,2920.52,2933.45,2903.27,2920.55,3252163300.0
2019-04-15,2924.93,2999.33,2924.6,2973.02,5843752800.0
2019-04-16,3023.03,3023.03,2909.66,2914.99,7076416300.0
2019-04-17,3017.42,3035.41,2996.76,3017.39,4996067500.0
2019-04-18,3004.92,3019.54,2993.27,3014.91,3967068400.0
2019-04-19,3042.43,3043.93,2989.55,3013.67,3994367200.0
2019-04-22,2970.49,3048.82,2962.36,3047.43,5675969700.0
2019-04-23,2978.85,3007.35,2964.98,2968.0,4106545600.0
2019-04-24,2974.85,3001.53,2933.53,2989.96,3542572900.0
2019-04-25,2927.99,2973.22,2924.02,2962.74,3893448300.0
2019-04-26,2892.86,2930.21,2892.53,2913.77,3656219700.0
2019-04-29,2939.41,2968.16,2899.83,2906.47,3924935500.0
2019-04-30,2945.24,2955.88,2919.49,2935.24,3212798300.0
2019-05-06,2805.04,2867.6,2768.8,2853.88,6243606300.0
2019-05-07,2806.26,2833.2,2777.73,2814.47,3541817700.0
2019-05-08,2758.24,2796.47,2750.93,2753.61,3039877200.0
2019-05-09,2698.78,2748.01,2686.47,2740.35,3075868100.0
2019-05-10,2793.76,2798.87,2698.81,2731.58,3945327800.0
2019-05-13,2741.11,2767.48,2736.84,2751.76,2659097100.0
2019-05-14,2724.73,2754.69,2716.73,2716.73,2622201800.0
2019-05-15,2783.54,2797.15,2743.78,2743.78,3071892000.0
2019-05-16,2791.41,2793.76,2766.15,2777.85,2894630200.0
2019-05-17,2735.21,2792.51,2728.93,2792.08,3007206300.0
2019-05-20,2715.43,2746.66,2697.61,2726.07,3120264600.0
2019-05-21,2739.79,2764.48,2712.04,2717.87,2696905100.0
2019-05-22,2725.73,2745.86,2714.65,2739.11,2316872900.0
2019-05-23,2685.93,2713.94,2679.54,2710.57,2781015600.0
2019-05-24,2702.03,2722.34,2692.53,2693.88,2123707600.0
2019-05-27,2722.33,2731.3,2667.38,2696.26,2724384800.0
2019-05-28,2748.8,2759.78,2716.31,2719.06,3467005600.0
2019-05-29,2755.81,2780.31,2724.85,2728.44,2494085700.0
2019-05-30,2742.96,2752.69,2721.88,2748.43,2439840500.0
2019-05-31,2728.95,2762.39,2728.95,2740.3,2218815200.0
2019-06-03,2743.06,2762.08,2723.93,2737.81,2709222000.0
2019-06-04,2721.31,2746.51,2713.8,2744.7,2227583200.0
2019-06-05,2719.59,2747.23,2717.93,2741.94,2576625300.0
2019-06-06,2706.76,2727.7,2701.92,2727.7,2139031200.0
2019-06-10,2743.37,2752.88,2712.16,2717.91,2708808100.0
2019-06-11,2812.9,2816.99,2750.54,2750.54,4085031500.0
2019-06-12,2796.73,2805.01,2790.18,2802.53,2644523000.0
2019-06-13,2794.54,2804.76,2771.86,2798.02,2345288700.0
2019-06-14,2785.61,2816.18,2781.72,2798.4,2612483000.0
2019-06-17,2793.7,2813.45,2785.47,2785.47,2047785100.0
2019-06-18,2806.45,2809.87,2785.38,2800.83,2167640400.0
2019-06-19,2842.74,2879.23,2842.42,2872.07,4116011000.0
2019-06-20,2942.63,2954.03,2846.44,2847.32,5736036900.0
2019-06-21,2938.77,2958.23,2929.9,2939.65,4656020500.0
2019-06-24,2949.52,2958.02,2931.67,2942.51,2901601800.0
2019-06-25,2910.12,2946.71,2875.37,2946.02,3816559500.0
2019-06-26,2903.49,2915.24,2891.0,2896.76,2402466000.0
2019-06-27,2937.13,2952.91,2914.96,2917.2,3347248700.0
2019-06-28,2930.6,2937.29,2911.67,2932.69,2370867100.0
2019-07-01,3002.94,3011.91,2978.75,2984.65,4262271400.0
2019-07-02,2999.08,3003.88,2988.47,3000.78,3462948800.0
2019-07-03,2964.73,2990.05,2953.7,2990.05,3391896500.0
2019-07-04,2953.27,2974.8,2939.97,2966.33,3292883400.0
2019-07-05,2961.92,2967.98,2937.6,2952.71,2384534500.0
2019-07-08,2897.51,2944.97,2877.74,2944.97,3373258800.0
2019-07-09,2881.55,2902.14,2872.03,2894.33,2137470000.0
2019-07-10,2878.78,2897.58,2870.67,2896.7,1891152100.0
2019-07-11,2887.83,2918.94,2879.64,2897.47,2115726600.0
2019-07-12,2902.13,2912.9,2878.2,2883.09,2145421000.0
2019-07-15,2902.61,2920.16,2850.1,2885.98,2819610600.0
2019-07-16,2884.56,2905.11,2881.4,2900.05,1741151700.0
2019-07-17,2875.03,2892.34,2866.47,2877.49,1809983000.0
2019-07-18,2859.16,2872.24,2859.07,2869.73,1954208600.0
2019-07-19,2895.62,2906.55,2875.9,2875.96,2245108900.0
2019-07-22,2881.9,2905.35,2872.53,2897.79,2360318400.0
2019-07-23,2881.1,2889.39,2871.51,2885.7,2044874800.0
2019-07-24,2906.55,2923.4,2894.59,2894.94,2601987100.0
2019-07-25,2931.18,2931.18,2903.31,2911.01,2293311300.0
2019-07-26,2939.35,2943.07,2918.01,2918.11,2352186400.0
2019-07-29,2930.49,2938.73,2922.68,2936.64,2237200500.0
2019-07-30,2944.03,2958.3,2938.9,2939.14,2269698000.0
2019-07-31,2912.66,2932.65,2906.71,2931.85,2388803400.0
2019-08-01,2887.87,2909.47,2880.3,2901.15,2427168300.0
2019-08-02,2843.77,2852.12,2831.66,2837.37,2994396800.0
2019-08-05,2786.72,2828.48,2785.9,2823.35,2835097600.0
2019-08-06,2760.68,2771.79,2718.21,2736.68,3694169100.0
2019-08-07,2747.25,2773.94,2747.25,2771.24,2458846400.0
2019-08-08,2786.87,2790.14,2768.71,2771.45,2940696000.0
2019-08-09,2772.15,2802.81,2767.14,2800.44,2538096600.0
2019-08-12,2824.8,2825.09,2782.77,2787.44,2213699700.0
2019-08-13,2792.91,2812.49,2787.12,2807.96,2146403400.0
2019-08-14,2804.36,2831.34,2803.86,2827.04,2610822100.0
2019-08-15,2814.39,2815.15,2756.38,2758.74,2528467500.0
2019-08-16,2824.23,2846.26,2805.81,2817.27,2414732800.0
2019-08-19,2877.23,2877.47,2823.87,2839.25,4191116700.0
2019-08-20,2875.65,2883.55,2864.71,2869.16,2981758300.0
2019-08-21,2869.22,2875.01,2864.81,2868.63,2163744400.0
2019-08-22,2878.0,2881.06,2862.44,2878.73,2049305700.0
2019-08-23,2917.38,2923.93,2876.02,2880.57,2413805700.0
2019-08-26,2863.48,2882.45,2854.51,2869.46,2643657800.0
2019-08-27,2887.24,2915.84,2881.0,2883.42,3574136800.0
2019-08-28,2867.03,2887.85,2860.71,2883.35,2361076500.0
2019-08-29,2855.45,2871.63,2843.28,2867.77,2238667000.0
2019-08-30,2872.4,2886.35,2856.03,2878.21,2592297500.0
2019-09-02,2894.96,2902.41,2866.75,2871.29,2975321400.0
2019-09-03,2892.18,2900.76,2878.1,2897.29,2590498200.0
2019-09-04,2919.68,2919.68,2887.59,2888.97,3764714400.0
2019-09-05,2955.84,2988.21,2938.14,2938.14,5285227200.0
2019-09-06,2981.07,2981.24,2955.82,2974.8,3146536700.0
2019-09-09,2981.59,3008.67,2974.23,3004.8,3869579800.0
2019-09-10,2969.8,2988.06,2958.31,2987.51,3603467800.0
2019-09-11,2957.14,2980.66,2946.57,2978.97,3519933500.0
2019-09-12,2999.56,3001.23,2963.45,2970.01,3182441000.0
2019-09-16,2982.45,3004.88,2972.58,3003.65,3253393900.0
2019-09-17,2937.01,2974.01,2929.31,2974.01,3072249500.0
2019-09-18,2954.36,2967.86,2947.68,2947.97,2335392300.0
2019-09-19,2956.83,2965.11,2941.66,2965.03,2094280900.0
2019-09-20,2963.43,2970.72,2956.92,2964.92,3023002800.0
2019-09-23,2930.91,2955.26,2916.43,2955.26,2378264600.0
2019-09-24,2940.08,2956.29,2929.6,2936.95,2273229600.0
2019-09-25,2928.84,2942.0,2923.15,2930.14,2252651200.0
2019-09-26,2927.88,2952.87,2926.54,2939.68,3146691800.0
2019-09-27,2929.47,2934.33,2916.07,2929.32,2301456100.0
2019-09-30,2897.7,2933.51,2897.68,2917.07,1923302100.0
2019-10-08,2922.35,2938.87,2898.53,2898.53,2496138800.0
2019-10-09,2922.98,2931.64,2896.26,2908.17,2613601800.0
2019-10-10,2940.8,2944.02,2910.35,2917.82,2199613300.0
2019-10-11,2983.12,2989.75,2945.01,2952.47,3117712300.0
2019-10-14,3013.53,3040.5,2997.66,3007.36,4254331500.0
2019-10-15,3015.42,3019.29,3005.87,3018.86,2544608300.0
2019-10-16,3004.72,3043.45,2999.38,3015.17,2625636700.0
2019-10-17,3011.75,3018.65,2997.84,3009.69,1893610700.0
2019-10-18,2963.18,3027.61,2961.13,3020.01,2463127100.0
2019-10-21,2968.91,2973.79,2950.3,2957.97,2422354300.0
2019-10-22,2973.22,2983.84,2956.9,2983.84,2100126200.0
2019-10-23,2954.31,2977.68,2945.84,2969.98,2263301200.0
2019-10-24,2959.03,2976.37,2945.68,2963.34,2448273900.0
2019-10-25,2967.05,2970.54,2935.06,2955.51,2452258300.0
2019-10-28,2981.36,2984.94,2962.4,2967.63,2849021300.0
2019-10-29,2968.28,2984.35,2968.21,2982.45,2180299300.0
2019-10-30,2952.12,2971.9,2946.97,2966.76,2182011500.0
2019-10-31,2954.73,2966.59,2948.33,2964.91,2627764700.0
2019-11-01,3002.65,3005.18,2947.6,2953.74,2887993900.0
2019-11-04,3022.27,3025.64,3011.2,3012.94,3090697200.0
2019-11-05,3039.98,3065.93,3015.8,3024.87,3835986200.0
2019-11-06,3032.79,3045.46,3024.75,3041.42,2917481600.0
2019-11-07,3033.3,3044.72,3021.69,3034.16,2331794600.0
2019-11-08,3012.46,3055.6,3011.37,3052.69,2829701200.0
2019-11-11,2965.71,2995.14,2962.68,2995.14,2851182700.0
2019-11-12,2971.36,2978.17,2954.78,2973.0,2052769500.0
2019-11-13,2967.67,2976.26,2955.1,2967.62,2262181200.0
2019-11-14,2968.57,2980.7,2964.92,2975.48,2212354800.0
2019-11-15,2954.7,2976.37,2953.76,2972.48,2202956100.0
2019-11-18,2980.95,2985.97,2949.47,2954.78,2387630000.0
2019-11-19,3000.75,3000.75,2973.57,2973.57,2426587100.0
2019-11-20,2968.12,2996.51,2962.71,2991.42,2251169600.0
2019-11-21,2949.34,2957.35,2940.15,2957.07,2191445200.0
2019-11-22,2922.27,2967.78,2913.18,2952.77,2680202100.0
2019-11-25,2951.25,2951.79,2925.4,2926.15,3330221100.0
2019-11-26,2946.57,2965.39,2943.55,2962.37,3022543000.0
2019-11-27,2944.32,2953.39,2933.28,2948.34,2035937700.0
2019-11-28,2930.48,2952.26,2922.55,2945.34,1777334600.0
2019-11-29,2894.72,2927.25,2879.93,2923.45,2079015000.0
2019-12-02,2899.44,2913.74,2893.42,2896.51,2133463800.0
2019-12-03,2909.62,2909.95,2876.52,2892.42,1908833300.0
2019-12-04,2901.07,2903.94,2887.84,2902.13,1943816800.0
2019-12-05,2921.95,2927.34,2907.77,2912.94,2246451100.0
2019-12-06,2939.82,2939.82,2922.43,2928.36,2138357600.0
2019-12-09,2933.04,2945.27,2923.79,2944.16,2503409500.0
2019-12-10,2936.99,2937.78,2923.75,2925.95,2024609300.0
2019-12-11,2949.65,2953.94,2934.04,2947.54,2359299900.0
2019-12-12,2938.04,2954.4,2934.0,2954.4,2068984200.0
2019-12-13,3006.31,3006.31,2967.85,2968.86,4189458200.0
2019-12-16,2999.2,2999.53,2983.19,2999.5,3342979200.0
2019-12-17,3033.14,3053.83,2991.08,3000.78,4734733500.0
2019-12-18,3025.78,3041.83,3020.95,3031.89,3249261900.0
2019-12-19,3017.71,3029.7,3009.87,3027.67,2692909200.0
2019-12-20,3012.63,3033.56,3009.38,3022.12,2509222800.0
2019-12-23,2984.24,3028.56,2982.02,3015.29,2745002300.0
2019-12-24,2996.77,2999.08,2982.42,2985.62,2227545300.0
2019-12-25,2986.0,2993.56,2976.91,2993.36,2138487600.0
2019-12-26,3011.64,3011.64,2985.53,2986.31,2305582400.0
2019-12-27,3017.78,3047.61,3012.03,3012.03,3442027400.0
2019-12-30,3062.75,3065.25,3007.96,3016.2,4366664700.0
2019-12-31,3063.22,3065.38,3043.93,3057.3,3107404300.0
2020-01-02,3090.83,3107.52,3073.93,3073.93,5003639200.0
2020-01-03,3078.28,3097.41,3072.11,3097.25,3718549300.0
2020-01-06,3056.84,3090.84,3040.19,3062.28,4770782700.0
2020-01-07,3074.02,3080.27,3061.56,3063.75,3437178800.0
2020-01-08,3037.85,3058.7,3030.1,3058.36,3765377300.0
2020-01-09,3067.55,3071.54,3055.99,3060.77,3315051500.0
2020-01-10,3067.88,3081.96,3058.16,3079.08,2854238900.0
2020-01-13,3090.13,3090.13,3054.88,3069.68,2933083500.0
2020-01-14,3080.6,3108.18,3078.46,3097.72,3512901700.0
2020-01-15,3058.01,3086.97,3052.7,3078.25,2811608600.0
2020-01-16,3043.09,3068.2,3039.07,3067.95,2831231800.0
2020-01-17,3053.17,3067.56,3042.59,3054.04,2330451400.0
2020-01-20,3065.99,3072.29,3054.45,3070.67,2727484900.0
2020-01-21,3012.11,3050.82,3011.18,3048.95,3280129100.0
2020-01-22,3017.88,3023.9,2965.66,2996.81,3315976000.0
2020-01-23,2932.49,2993.77,2910.39,2993.77,4283935200.0
2020-02-03,2727.09,2755.84,2676.01,2676.01,5860918400.0
2020-02-04,2794.66,2796.71,2724.13,2724.13,5701636900.0
2020-02-05,2812.9,2833.21,2782.42,2803.74,4418207000.0
2020-02-06,2854.89,2866.39,2809.37,2829.51,4213425100.0
2020-02-07,2851.71,2851.82,2819.67,2836.8,3444362800.0
2020-02-10,2850.06,2854.83,2817.77,2826.8,3365493400.0
2020-02-11,2879.86,2893.07,2854.07,2858.92,3602824400.0
2020-02-12,2895.59,2895.93,2870.77,2876.67,3123075000.0
2020-02-13,2875.48,2906.72,2871.26,2898.4,3743476400.0
2020-02-14,2895.06,2900.2,2870.63,2870.71,3512599600.0
2020-02-17,2950.07,2950.28,2898.59,2901.69,4529653200.0
2020-02-18,2924.4,2944.43,2914.96,2940.65,3809899100.0
2020-02-19,2923.76,2942.35,2914.59,2917.12,4027025200.0
2020-02-20,2978.18,2981.27,2920.8,2931.37,5022984700.0
2020-02-21,2968.14,2991.06,2959.51,2965.6,4692015200.0
2020-02-24,2930.03,2953.29,2922.16,2949.98,4863757300.0
2020-02-25,2909.32,2912.16,2869.64,2891.98,5315794800.0
2020-02-26,2901.67,2930.02,2872.83,2877.46,6296502900.0
2020-02-27,2912.04,2927.2,2903.75,2904.87,4215225000.0
2020-02-28,2821.04,2880.79,2818.43,2860.28,5847996500.0
2020-03-02,2907.89,2922.95,2837.77,2837.77,5488477600.0
2020-03-03,2921.44,2948.55,2910.76,2941.68,5316139800.0
2020-03-04,2947.57,2949.57,2919.37,2921.07,4256954900.0
2020-03-05,3018.07,3023.12,2956.65,2966.69,6049796600.0
2020-03-06,2964.83,2999.49,2962.4,2989.76,4185528800.0
2020-03-09,2868.83,2908.63,2864.49,2908.63,5886474700.0
2020-03-10,2924.22,2935.09,2852.93,2859.87,4805053000.0
2020-03-11,2888.36,2927.83,2888.36,2927.83,3644206200.0
2020-03-12,2841.98,2866.14,2828.29,2858.51,3702363200.0
2020-03-13,2798.77,2826.72,2715.14,2720.61,4906135500.0
2020-03-16,2694.02,2800.18,2689.9,2800.0,4697120600.0
2020-03-17,2685.59,2734.8,2629.18,2696.7,4153269400.0
2020-03-18,2625.75,2724.3,2625.6,2695.42,3768139200.0
2020-03-19,2569.79,2630.05,2517.3,2611.75,4952352800.0
2020-03-20,2628.42,2636.14,2580.36,2597.98,3723143600.0
2020-03-23,2559.62,2586.11,2548.0,2548.85,3254972100.0
2020-03-24,2639.38,2641.87,2592.61,2608.24,3686841400.0
2020-03-25,2700.19,2711.12,2681.09,2700.1,3849119400.0
2020-03-26,2689.28,2716.34,2673.44,2676.62,2822602100.0
2020-03-27,2701.44,2733.52,2701.44,2722.47,3538694500.0
2020-03-30,2690.04,2696.33,2664.72,2667.12,3404970700.0
2020-03-31,2689.38,2716.02,2684.21,2713.5,3029903800.0
2020-04-01,2682.08,2722.32,2680.08,2684.5,2751937300.0
2020-04-02,2719.89,2719.89,2665.81,2667.94,2873089300.0
2020-04-03,2708.82,2720.84,2697.83,2707.82,2444455900.0
2020-04-07,2757.41,2762.31,2743.16,2756.27,3595465100.0
2020-04-08,2743.89,2753.49,2736.09,2742.36,2540167600.0
2020-04-09,2752.59,2760.59,2749.42,2754.72,2382049700.0
2020-04-10,2749.85,2787.28,2742.52,2755.2,2544479400.0
2020-04-13,2739.17,2749.48,2731.03,2740.09,1918766200.0
2020-04-14,2785.72,2785.8,2745.99,2756.5,2672299500.0
2020-04-15,2764.49,2788.09,2761.44,2783.28,2305149500.0
2020-04-16,2768.26,2771.43,2750.29,2751.69,2301637900.0
2020-04-17,2809.08,2825.96,2782.71,2790.83,3486971900.0
2020-04-20,2819.79,2821.01,2799.92,2812.8,2762756400.0
2020-04-21,2784.53,2808.91,2767.27,2808.91,2494367600.0
2020-04-22,2804.24,2804.24,2768.4,2774.44,2069456300.0
2020-04-23,2797.66,2820.24,2794.46,2813.73,2452956300.0
2020-04-24,2776.02,2789.05,2770.34,2789.05,1991477400.0
2020-04-27,2805.22,2818.54,2783.17,2786.47,2314714000.0
2020-04-28,2825.14,2832.06,2781.15,2814.23,2708422800.0
2020-04-29,2844.81,2852.1,2814.07,2814.6,2543013400.0
2020-04-30,2861.91,2882.7,2851.14,2851.14,3038905300.0
2020-05-06,2863.85,2865.11,2823.27,2823.29,3545978100.0
2020-05-07,2854.42,2863.16,2845.66,2860.96,2390200000.0
2020-05-08,2873.01,2883.69,2858.11,2864.86,2703717900.0
2020-05-11,2871.85,2897.99,2864.96,2876.77,2530899800.0
2020-05-12,2869.6,2880.5,2855.02,2871.31,2133015000.0
2020-05-13,2867.71,2869.7,2845.34,2860.82,1832565100.0
2020-05-14,2834.53,2854.78,2833.95,2854.78,1981834300.0
2020-05-15,2819.69,2849.17,2818.37,2845.91,1947058000.0
2020-05-18,2837.17,2849.85,2813.26,2821.73,2262686600.0
2020-05-19,2860.67,2872.7,2854.89,2869.23,2270551600.0
2020-05-20,2856.14,2864.67,2847.26,2861.59,1994922900.0
2020-05-21,2846.82,2867.91,2844.14,2866.74,1907114500.0
2020-05-22,2775.81,2841.11,2775.31,2840.88,2597130200.0
2020-05-25,2789.71,2789.82,2762.3,2784.43,1867492300.0
2020-05-26,2808.84,2811.83,2796.85,2806.25,1811040900.0
2020-05-27,2795.48,2814.56,2790.84,2810.47,1975995300.0
2020-05-28,2809.66,2830.46,2785.32,2797.37,2294337200.0
2020-05-29,2806.66,2813.82,2788.87,2791.62,2147102600.0
2020-06-01,2870.36,2873.05,2832.22,2832.22,2843344300.0
2020-06-02,2885.92,2890.81,2862.68,2864.53,2670394300.0
2020-06-03,2889.11,2922.78,2889.08,2900.87,2784097500.0
2020-06-04,2883.36,2902.9,2876.44,2900.96,2189472900.0
2020-06-05,2896.35,2896.35,2871.87,2886.23,2126970100.0
2020-06-08,2909.59,2925.2,2904.03,2907.68,2930062900.0
2020-06-09,2928.3,2931.54,2905.84,2911.95,2440088000.0
2020-06-10,2908.48,2925.17,2905.21,2925.17,2271766600.0
2020-06-11,2876.51,2907.66,2867.2,2899.49,2899854300.0
2020-06-12,2884.12,2884.99,2837.55,2840.8,3409594400.0
2020-06-15,2838.61,2875.03,2838.61,2862.49,2931049700.0
2020-06-16,2878.99,2879.53,2861.01,2867.71,2421833300.0
2020-06-17,2881.13,2882.1,2864.16,2879.85,2224461300.0
2020-06-18,2888.96,2892.12,2860.5,2872.17,2763430400.0
2020-06-19,2925.94,2933.9,2888.92,2891.31,3713736100.0
2020-06-22,2921.89,2947.61,2912.49,2921.3,3726298500.0
2020-06-23,2925.42,2929.8,2902.12,2913.01,2754012800.0
2020-06-24,2943.47,2947.19,2926.84,2928.52,3017957300.0
2020-06-29,2925.48,2942.49,2909.45,2935.54,3248337700.0
2020-06-30,2942.07,2951.12,2928.68,2933.93,2701559800.0
2020-07-01,3009.86,3010.36,2941.38,2950.49,4266806900.0
2020-07-02,3084.24,3088.96,3003.78,3005.36,6722380600.0
2020-07-03,3159.16,3159.17,3101.26,3101.39,7820941600.0
2020-07-06,3374.14,3384.87,3198.74,3198.74,12216786900.0
2020-07-07,3381.76,3465.47,3381.76,3438.86,10862413900.0
2020-07-08,3429.94,3466.63,3371.59,3378.11,9145721300.0
2020-07-09,3442.02,3451.93,3403.73,3426.6,8493444000.0
2020-07-10,3351.78,3411.09,3338.59,3404.0,7904651800.0
2020-07-13,3390.12,3421.94,3327.7,3338.71,8002418600.0
2020-07-14,3348.03,3391.9,3310.89,3374.07,7678639500.0
2020-07-15,3313.76,3374.29,3303.15,3363.92,7041203100.0
2020-07-16,3162.03,3326.69,3162.03,3313.56,7468306800.0
2020-07-17,3185.89,3223.54,3151.22,3181.7,4944909900.0
2020-07-20,3287.92,3293.63,3189.47,3219.92,6304753600.0
2020-07-21,3286.81,3305.2,3272.47,3302.72,4451198100.0
2020-07-22,3291.36,3354.72,3273.81,3278.74,5440375100.0
2020-07-23,3284.11,3303.43,3224.51,3263.07,5566558300.0
2020-07-24,3158.29,3270.56,3136.64,3265.52,6063813600.0
2020-07-27,3163.23,3194.14,3136.03,3178.05,3762745600.0
2020-07-28,3185.89,3205.57,3168.9,3188.96,3571045100.0
2020-07-29,3243.38,3245.7,3171.04,3184.72,4364869100.0
2020-07-30,3231.52,3263.19,3231.36,3252.2,3610894500.0
2020-07-31,3249.34,3284.38,3199.91,3226.42,4289790500.0
2020-08-03,3281.1,3284.79,3251.82,3271.18,4829902600.0
2020-08-04,3312.13,3329.56,3279.14,3293.92,6254047700.0
2020-08-05,3292.31,3300.9,3257.29,3298.14,4557928400.0
2020-08-06,3292.2,3311.36,3243.65,3295.43,4894575300.0
2020-08-07,3263.75,3288.79,3219.42,3277.44,4898104900.0
2020-08-10,3285.76,3309.98,3232.09,3250.54,5327140300.0
2020-08-11,3262.82,3333.75,3257.37,3291.34,5382280200.0
2020-08-12,3249.74,3266.58,3199.55,3255.54,5102494700.0
2020-08-13,3241.84,3265.51,3230.17,3261.13,3709207100.0
2020-08-14,3288.51,3292.03,3230.21,3236.95,3674747700.0
2020-08-17,3368.85,3397.5,3299.21,3300.9,7589903100.0
2020-08-18,3367.33,3377.52,3350.78,3369.87,4744415700.0
2020-08-19,3307.66,3366.68,3306.33,3361.72,4441944700.0
2020-08-20,3264.53,3288.21,3252.18,3285.2,3705290000.0
2020-08-21,3284.73,3299.94,3261.55,3287.43,2805014200.0
2020-08-24,3298.72,3320.97,3291.66,3306.56,2966615100.0
2020-08-25,3310.84,3335.03,3300.2,3312.03,2844995500.0
2020-08-26,3277.89,3327.82,3269.09,3308.93,3292243700.0
2020-08-27,3290.79,3291.68,3257.57,3286.78,2813580000.0
2020-08-28,3368.44,3372.74,3286.14,3296.52,3900870000.0
2020-08-31,3343.89,3408.58,3343.21,3386.62,4790515600.0
2020-09-01,3355.1,3355.1,3328.12,3333.21,3046645000.0
2020-09-02,3347.3,3373.35,3316.5,3371.57,3551230800.0
2020-09-03,3334.41,3374.01,3322.9,3349.26,3125236400.0
2020-09-04,3309.21,3314.55,3283.31,3293.49,2863754700.0
2020-09-07,3253.43,3328.72,3243.43,3303.64,3258005400.0
2020-09-08,3289.91,3296.14,3249.25,3267.31,3238056300.0
2020-09-09,3235.7,3267.86,3217.15,3253.5,3009657700.0
2020-09-10,3245.5,3273.9,3239.58,3264.32,2997384800.0
2020-09-11,3265.5,3270.59,3230.32,3238.47,2351028000.0
2020-09-14,3294.15,3298.93,3275.3,3283.93,2112587600.0
2020-09-15,3317.64,3321.18,3275.06,3291.2,2131642000.0
2020-09-16,3295.58,3322.32,3283.88,3314.21,2222920600.0
2020-09-17,3264.69,3287.26,3253.52,3286.15,2342308200.0
2020-09-18,3347.78,3347.78,3264.33,3267.63,4457796200.0
2020-09-21,3311.59,3360.92,3311.11,3359.23,2979959900.0
2020-09-22,3270.52,3319.95,3260.49,3285.77,2682006000.0
2020-09-23,3275.74,3284.4,3256.18,3271.47,2046780700.0
2020-09-24,3218.72,3264.83,3214.7,3259.12,2564758700.0
2020-09-25,3229.78,3244.03,3219.31,3232.69,2091022000.0
2020-09-28,3250.5,3268.26,3237.3,3237.3,2097437300.0
2020-09-29,3241.32,3266.94,3241.32,3266.01,1902774300.0
2020-09-30,3232.42,3269.31,3218.55,3252.59,2269494600.0
2020-10-09,3286.86,3296.67,3274.19,3281.46,2462439400.0
2020-10-12,3387.88,3388.6,3302.62,3302.98,3977357200.0
2020-10-13,3386.89,3391.99,3363.98,3381.64,2792826200.0
2020-10-14,3369.5,3380.56,3359.62,3380.56,2582262800.0
2020-10-15,3371.4,3392.93,3363.81,3369.72,2738516800.0
2020-10-16,3380.17,3400.42,3362.18,3374.17,3493234500.0
2020-10-19,3354.31,3430.56,3349.16,3398.75,4126470400.0
2020-10-20,3363.5,3365.18,3340.84,3352.03,2639252700.0
2020-10-21,3377.42,3380.05,3351.72,3372.69,3132950400.0
2020-10-22,3369.53,3378.65,3328.32,3370.08,2739885900.0
2020-10-23,3346.61,3395.41,3346.61,3364.6,3391157200.0
2020-10-26,3304.7,3328.68,3288.58,3320.03,3465014400.0
2020-10-27,3294.09,3305.61,3281.62,3298.06,2557950900.0
2020-10-28,3313.23,3324.8,3285.04,3295.44,2827984400.0
2020-10-29,3324.44,3351.12,3277.57,3278.98,3021895400.0
2020-10-30,3280.38,3332.87,3271.27,3321.94,3573711100.0
2020-11-02,3265.9,3298.08,3249.96,3280.62,3466539800.0
2020-11-03,3307.48,3324.41,3282.55,3284.04,3408546600.0
2020-11-04,3332.19,3340.53,3301.32,3311.54,2834493000.0
2020-11-05,3369.5,3386.98,3345.2,3366.4,3127710800.0
2020-11-06,3359.12,3380.2,3339.47,3380.2,3503194400.0
2020-11-09,3418.28,3428.13,3382.8,3382.8,4391814200.0
2020-11-10,3416.14,3440.56,3402.38,3439.36,4176163300.0
2020-11-11,3411.23,3432.27,3407.84,3415.88,4041518900.0
2020-11-12,3397.35,3420.65,3387.33,3413.21,2709848200.0
2020-11-13,3338.31,3377.16,3318.45,3376.91,3451369600.0
2020-11-16,3377.11,3377.11,3344.4,3352.69,3232489300.0
2020-11-17,3379.27,3388.96,3362.5,3376.87,3307422900.0
2020-11-18,3387.04,3408.3,3373.0,3377.84,4360586400.0
2020-11-19,3410.09,3415.86,3372.84,3377.23,3260615000.0
2020-11-20,3411.93,3415.25,3398.79,3407.73,2972074800.0
2020-11-23,3469.8,3485.89,3426.78,3427.78,4925155500.0
2020-11-24,3442.72,3470.91,3437.73,3461.43,3424010900.0
2020-11-25,3420.29,3475.25,3420.29,3461.48,4066377900.0
2020-11-26,3445.74,3447.61,3414.06,3418.56,3346527100.0
2020-11-27,3498.66,3498.66,3447.61,3453.31,5390124800.0
2020-11-30,3469.42,3570.22,3469.42,3509.66,8429298300.0
2020-12-01,3554.01,3559.07,3476.94,3480.56,5248868900.0
2020-12-02,3545.34,3568.72,3527.12,3555.6,3944280600.0
2020-12-03,3536.81,3550.1,3519.43,3545.28,3586787100.0
2020-12-04,3541.52,3546.71,3504.43,3535.94,3323861700.0
2020-12-07,3509.94,3548.78,3495.65,3547.93,3545074500.0
2020-12-08,3499.06,3529.35,3490.89,3512.86,2893594100.0
2020-12-09,3468.53,3517.92,3468.0,3511.76,3065472700.0
2020-12-10,3459.03,3478.91,3442.15,3464.94,2922844300.0
2020-12-11,3427.86,3477.47,3404.93,3473.87,3890638700.0
2020-12-14,3467.77,3472.12,3435.31,3443.03,2498221800.0
2020-12-15,3468.83,3476.88,3443.86,3466.49,2615418200.0
2020-12-16,3485.4,3494.65,3469.55,3480.93,2246253000.0
2020-12-17,3539.54,3543.73,3491.92,3497.39,2709120100.0
2020-12-18,3507.97,3538.57,3493.3,3529.02,2627780000.0
2020-12-21,3522.26,3531.42,3481.26,3505.91,2671759500.0
2020-12-22,3470.9,3526.11,3467.53,3519.05,3487845900.0
2020-12-23,3494.59,3516.02,3473.1,3483.19,2723877500.0
2020-12-24,3489.27,3521.04,3474.02,3495.85,2011957100.0
2020-12-25,3512.49,3514.51,3468.4,3476.55,2105465600.0
2020-12-28,3523.84,3548.53,3503.97,3514.71,2641329900.0
2020-12-29,3517.35,3539.67,3513.66,3533.13,2601459000.0
2020-12-30,3574.13,3574.21,3512.31,3513.79,2678723400.0
2020-12-31,3640.64,3646.75,3581.36,3581.45,3657484600.0
2021-01-04,3643.36,3659.17,3608.34,3632.69,4354664400.0
2021-01-05,3683.36,3683.36,3620.56,3627.65,4723374300.0
2021-01-06,3736.65,3736.65,3670.54,3688.95,4516610600.0
2021-01-07,3808.07,3808.07,3729.99,3750.88,4291806300.0
2021-01-08,3788.32,3833.86,3752.09,3815.57,4158564400.0
2021-01-11,3776.53,3849.68,3763.15,3794.83,4745100000.0
2021-01-12,3906.12,3906.12,3764.65,3764.65,4817586700.0
2021-01-13,3873.23,3931.95,3844.28,3914.0,5527384900.0
2021-01-14,3811.22,3866.95,3800.79,3863.1,5086885900.0
2021-01-15,3817.93,3866.01,3789.48,3825.54,5563524300.0
2021-01-18,3849.4,3873.45,3796.43,3807.99,4224838400.0
2021-01-19,3808.69,3862.11,3792.59,3855.75,4274705600.0
2021-01-20,3814.65,3838.31,3790.54,3813.91,3437234300.0
2021-01-21,3850.06,3874.67,3812.81,3833.78,3673022900.0
2021-01-22,3846.39,3862.89,3823.33,3851.13,3825948000.0
2021-01-25,3898.15,3903.19,3828.75,3843.49,3733650100.0
2021-01-26,3813.29,3878.25,3809.66,3878.25,2958442000.0
2021-01-27,3818.27,3831.62,3790.81,3818.42,2870605400.0
2021-01-28,3735.03,3779.41,3720.12,3771.79,3004120600.0
2021-01-29,3713.25,3767.01,3675.49,3758.89,3274233000.0
2021-02-01,3746.37,3747.73,3699.2,3712.78,2948901600.0
2021-02-02,3771.47,3774.06,3731.52,3751.74,2885874800.0
2021-02-03,3775.72,3796.43,3747.38,3768.71,3160919300.0
2021-02-04,3801.62,3820.34,3759.43,3764.43,3316378000.0
2021-02-05,3840.77,3876.68,3808.17,3819.8,4158374600.0
2021-02-08,3890.47,3896.54,3835.1,3856.94,3333989300.0
2021-02-09,3952.83,3952.94,3871.79,3900.86,3274005900.0
2021-02-10,4028.53,4039.23,3967.36,3967.68,3895860300.0
2021-02-18,4014.32,4110.18,3996.63,4097.87,5120308500.0
2021-02-19,4014.46,4023.88,3956.98,3994.83,4289972600.0
2021-02-22,3881.87,4020.01,3879.48,4020.01,5872642700.0
2021-02-23,3897.72,3942.09,3854.16,3854.16,4345561200.0
2021-02-24,3805.47,3910.01,3766.6,3902.36,3934393100.0
2021-02-25,3851.03,3878.21,3818.71,3844.62,4668898600.0
2021-02-26,3756.86,3819.04,3753.44,3768.9,4157310200.0
2021-03-01,3787.87,3795.05,3747.58,3793.37,3365770700.0
2021-03-02,3718.77,3812.35,3689.01,3812.35,3521619700.0
2021-03-03,3817.41,3818.07,3708.23,3710.26,3657957900.0
2021-03-04,3708.66,3781.28,3686.09,3769.97,3637371800.0
2021-03-05,3688.68,3721.28,3627.29,3655.91,3613758200.0
2021-03-08,3573.43,3732.78,3571.42,3713.46,4175297800.0
2021-03-09,3509.61,3595.19,3489.97,3570.26,4234406100.0
2021-03-10,3532.05,3572.37,3528.32,3563.56,2809628700.0
2021-03-11,3625.31,3633.77,3554.68,3554.68,3105623000.0
2021-03-12,3632.58,3647.51,3600.39,3647.51,3513969900.0
2021-03-15,3566.88,3627.31,3539.49,3620.04,3748883200.0
2021-03-16,3599.16,3608.11,3556.62,3579.01,2839404100.0
2021-03-17,3590.83,3616.94,3552.49,3588.23,2622956500.0
2021-03-18,3605.6,3619.33,3586.5,3598.85,2340686900.0
2021-03-19,3512.02,3573.06,3496.38,3565.09,3468129800.0
2021-03-22,3538.43,3558.94,3511.72,3516.66,2639342300.0
2021-03-23,3516.36,3542.82,3482.59,3541.33,2531091500.0
2021-03-24,3466.04,3528.73,3457.44,3507.55,2563980400.0
2021-03-25,3463.87,3479.13,3439.51,3454.46,2326182800.0
2021-03-26,3529.73,3539.23,3480.33,3483.69,2481084700.0
2021-03-29,3537.71,3563.4,3510.41,3543.25,2820582800.0
2021-03-30,3577.24,3582.02,3531.63,3541.38,2577895500.0
2021-03-31,3539.37,3573.86,3518.17,3573.86,2998529900.0
2021-04-01,3582.65,3586.36,3545.09,3547.46,2135773900.0
2021-04-02,3616.76,3616.8,3583.04,3592.88,2339673500.0
2021-04-06,3594.71,3624.8,3581.76,3624.8,1797446900.0
2021-04-07,3558.47,3593.17,3537.06,3593.17,2280001300.0
2021-04-08,3573.04,3582.91,3533.32,3541.06,1947345400.0
2021-04-09,3514.11,3565.22,3504.49,3564.66,1968586000.0
2021-04-12,3477.07,3520.73,3465.65,3505.71,2485500600.0
2021-04-13,3461.46,3505.39,3448.57,3483.01,2107433100.0
2021-04-14,3469.17,3484.06,3442.23,3469.4,1950031300.0
2021-04-15,3431.49,3456.55,3399.76,3456.55,2126270100.0
2021-04-16,3448.1,3456.72,3411.1,3445.09,1868805600.0
2021-04-19,3513.4,3515.88,3426.82,3449.05,2719346500.0
2021-04-20,3510.12,3532.79,3491.89,3496.81,2117662100.0
2021-04-21,3516.1,3524.54,3488.49,3493.79,2075010200.0
2021-04-22,3487.43,3524.71,3477.06,3521.98,2267914100.0
2021-04-23,3524.02,3533.23,3482.86,3487.12,2055236700.0
2021-04-26,3467.66,3548.21,3462.16,3540.53,2586322700.0
2021-04-27,3476.3,3482.6,3450.02,3469.98,2080416600.0
2021-04-28,3473.04,3473.04,3440.2,3457.17,2245125900.0
2021-04-29,3517.21,3519.83,3468.62,3483.1,3148052500.0
2021-04-30,3491.19,3522.61,3471.38,3518.86,3402655400.0
2021-05-06,3449.94,3510.4,3443.31,3475.05,2993342900.0
2021-05-07,3406.31,3470.52,3402.08,3457.91,3009252800.0
2021-05-10,3399.98,3416.03,3371.13,3410.01,2804888900.0
2021-05-11,3437.71,3443.36,3371.47,3380.63,2493574100.0
2021-05-12,3447.86,3456.07,3421.66,3423.42,2368968000.0
2021-05-13,3413.89,3435.45,3395.81,3418.58,2188266800.0
2021-05-14,3503.04,3504.65,3406.71,3426.43,3452724800.0
2021-05-17,3539.91,3556.49,3502.21,3502.74,3016509100.0
2021-05-18,3537.7,3550.08,3520.67,3543.11,2378258700.0
2021-05-19,3511.47,3531.79,3501.38,3531.79,2380663300.0
2021-05-20,3522.45,3530.49,3496.52,3514.43,2382719600.0
2021-05-21,3481.86,3544.27,3475.26,3532.87,2064464400.0
2021-05-24,3497.75,3499.45,3457.29,3482.99,2298654300.0
2021-05-25,3641.29,3645.07,3505.63,3505.81,4418286500.0
2021-05-26,3657.19,3678.07,3643.98,3656.34,3455939600.0
2021-05-27,3664.94,3709.0,3628.96,3645.48,2987912000.0
2021-05-28,3659.3,3689.25,3630.57,3663.88,2868284600.0
2021-05-31,3650.22,3652.89,3615.42,3652.89,2632840100.0
2021-06-01,3650.9,3652.95,3608.2,3641.97,2816154700.0
2021-06-02,3622.4,3665.92,3604.78,3661.94,2797539200.0
2021-06-03,3591.16,3637.0,3589.23,3620.79,2602014600.0
2021-06-04,3612.7,3655.92,3573.7,3574.3,2885758100.0
2021-06-07,3601.11,3613.28,3579.01,3610.89,2569817900.0
2021-06-08,3580.28,3634.82,3558.46,3597.94,2607966900.0
2021-06-09,3587.53,3599.62,3572.36,3575.49,2729685900.0
2021-06-10,3607.68,3634.92,3582.16,3588.14,2865759200.0
2021-06-11,3576.78,3611.25,3564.65,3610.14,4072974500.0
2021-06-15,3528.67,3579.09,3513.13,3570.4,3754748900.0
2021-06-16,3486.29,3532.85,3480.41,3525.75,3162933300.0
2021-06-17,3481.6,3503.55,3467.58,3477.47,2944641900.0
2021-06-18,3454.59,3488.26,3426.03,3475.55,3611934200.0
2021-06-21,3431.25,3455.56,3410.4,3440.74,3045691500.0
2021-06-22,3464.71,3469.81,3437.95,3444.75,3262588500.0
2021-06-23,3471.34,3496.44,3460.69,3469.28,2956453300.0
2021-06-24,3483.91,3487.27,3452.61,3476.68,2876918300.0
2021-06-25,3535.02,3545.43,3479.74,3483.16,3602721100.0
2021-06-28,3520.74,3543.7,3502.78,3541.1,2970171700.0
2021-06-29,3482.73,3517.36,3475.44,3514.32,2881460800.0
2021-06-30,3498.65,3504.96,3477.38,3477.38,2493278600.0
2021-07-01,3535.25,3535.33,3479.52,3510.56,2955315700.0
2021-07-02,3408.24,3495.6,3403.8,3495.6,3471086200.0
2021-07-05,3404.79,3415.56,3376.84,3402.11,3092679300.0
2021-07-06,3405.28,3406.76,3368.14,3405.47,2921183300.0
2021-07-07,3424.39,3433.73,3382.24,3384.57,2691945900.0
2021-07-08,3373.26,3434.15,3365.53,3432.89,3386245300.0
2021-07-09,3361.59,3373.14,3329.74,3359.2,3163660600.0
2021-07-12,3384.51,3413.35,3357.13,3385.12,3841631900.0
2021-07-13,3391.74,3409.79,3377.2,3384.75,3140767500.0
2021-07-14,3339.38,3385.39,3328.88,3385.39,3473367600.0
2021-07-15,3411.29,3414.42,3332.78,3335.05,3195519300.0
2021-07-16,3369.9,3413.27,3365.95,3405.4,2722985500.0
2021-07-19,3385.37,3390.27,3322.32,3362.58,2981703700.0
2021-07-20,3378.63,3382.09,3357.75,3364.31,2586536200.0
2021-07-21,3388.52,3410.82,3375.63,3385.14,3349058200.0
2021-07-22,3392.72,3410.63,3378.12,3386.91,3695544300.0
2021-07-23,3357.45,3389.43,3353.04,3389.4,3684790700.0
2021-07-26,3228.37,3339.86,3195.62,3339.86,4433959400.0
2021-07-27,3126.38,3238.39,3117.61,3228.44,4984873200.0
2021-07-28,3154.64,3171.08,3098.02,3107.12,4051963700.0
2021-07-29,3182.8,3207.9,3159.77,3206.44,3564991500.0
2021-07-30,3132.82,3160.47,3114.51,3160.47,3238885100.0
2021-08-02,3211.14,3217.81,3082.83,3112.3,4557498400.0
2021-08-03,3223.83,3235.4,3181.76,3197.89,3889518500.0
2021-08-04,3233.1,3242.39,3211.4,3219.4,3364954200.0
2021-08-05,3227.36,3266.3,3198.37,3214.47,3184362600.0
2021-08-06,3195.7,3213.1,3181.38,3211.64,2990772300.0
2021-08-09,3235.21,3253.08,3169.19,3171.1,3874285800.0
2021-08-10,3288.65,3290.25,3193.96,3231.15,3246484200.0
2021-08-11,3262.58,3298.41,3259.53,3280.81,4006631800.0
2021-08-12,3226.11,3262.9,3222.69,3247.8,3226328300.0
2021-08-13,3217.84,3242.31,3199.86,3212.33,2820957300.0
2021-08-16,3222.62,3246.93,3205.53,3212.66,3254956200.0
2021-08-17,3149.88,3240.33,3141.66,3219.83,3978466900.0
2021-08-18,3190.55,3204.87,3133.88,3148.38,4550028900.0
2021-08-19,3144.37,3185.73,3130.47,3179.93,4519962300.0
2021-08-20,3072.75,3118.7,3044.88,3105.16,3853661800.0
2021-08-23,3099.89,3109.99,3069.53,3079.29,3166401500.0
2021-08-24,3147.77,3160.56,3104.97,3106.23,3820824500.0
2021-08-25,3159.8,3173.37,3138.22,3160.74,3366680000.0
2021-08-26,3088.83,3156.91,3087.3,3156.91,3159988800.0
2021-08-27,3123.05,3145.98,3084.31,3086.05,3261342600.0
2021-08-30,3112.7,3141.76,3092.83,3141.12,4520878800.0
2021-08-31,3097.06,3122.91,3056.7,3099.47,5160766900.0
2021-09-01,3165.04,3185.82,3064.5,3087.26,7304135800.0
2021-09-02,3167.1,3189.25,3149.25,3166.27,5178647200.0
2021-09-03,3175.88,3203.32,3137.88,3172.5,5276918600.0
2021-09-06,3211.2,3228.95,3166.62,3175.88,4575531200.0
2021-09-07,3248.05,3259.92,3192.02,3210.27,4618544600.0
2021-09-08,3213.26,3254.1,3203.28,3241.0,4206310000.0
2021-09-09,3204.28,3208.63,3183.21,3195.99,5235507300.0
2021-09-10,3252.32,3268.73,3201.74,3203.06,6146535000.0
2021-09-13,3242.04,3271.1,3222.22,3246.86,5146173700.0
2021-09-14,3188.26,3257.62,3182.2,3243.68,5692556900.0
2021-09-15,3146.63,3180.55,3130.97,3180.55,4282133900.0
2021-09-16,3128.59,3157.9,3113.04,3145.44,4552637400.0
2021-09-17,3161.92,3162.05,3110.03,3117.93,4002869400.0
2021-09-22,3122.34,3129.78,3096.03,3100.39,4058164000.0
2021-09-23,3127.82,3159.97,3116.56,3135.75,3779774000.0
2021-09-24,3145.11,3173.05,3120.43,3120.43,3538273300.0
2021-09-27,3199.97,3218.88,3162.43,3162.43,4229347300.0
2021-09-28,3211.15,3224.57,3173.85,3197.04,3810590300.0
2021-09-29,3199.23,3222.28,3160.39,3186.12,4081216500.0
2021-09-30,3196.99,3213.56,3189.18,3202.02,2969816000.0
2021-10-08,3256.26,3263.93,3215.56,3229.07,3892310800.0
2021-10-11,3276.41,3318.15,3263.16,3264.72,3842253200.0
2021-10-12,3259.38,3280.06,3232.32,3266.02,3498337100.0
2021-10-13,3292.76,3307.23,3243.61,3257.4,2877853700.0
2021-10-14,3270.69,3301.91,3264.25,3289.98,2411163200.0
2021-10-15,3294.83,3301.15,3251.1,3258.57,3261920300.0
2021-10-18,3229.63,3289.32,3213.24,3289.32,3243351200.0
2021-10-19,3256.67,3265.51,3226.07,3227.01,2912722500.0
2021-10-20,3255.0,3282.57,3242.1,3264.47,2758482300.0
2021-10-21,3278.54,3294.05,3253.57,3256.61,3130680700.0
2021-10-22,3318.13,3336.73,3282.88,3287.93,3129766200.0
2021-10-25,3312.3,3316.57,3284.89,3295.25,2834601400.0
2021-10-26,3290.04,3327.66,3285.23,3312.3,2598345400.0
2021-10-27,3247.1,3282.26,3236.15,3282.26,2804493600.0
2021-10-28,3239.61,3252.73,3223.72,3240.54,2992402000.0
2021-10-29,3267.25,3267.25,3239.08,3241.91,3477475100.0
2021-11-01,3250.92,3262.49,3223.87,3239.89,3343144300.0
2021-11-02,3212.03,3267.76,3187.35,3245.04,3974412300.0
2021-11-03,3181.45,3220.34,3173.33,3207.74,2726038700.0
2021-11-04,3207.26,3216.23,3187.95,3194.47,2663500800.0
2021-11-05,3201.55,3229.97,3189.68,3197.61,2644968800.0
2021-11-08,3196.27,3214.33,3185.94,3198.69,2577310300.0
2021-11-09,3186.96,3214.89,3172.09,3206.29,2363506800.0
2021-11-10,3170.4,3182.26,3125.29,3177.61,3085177300.0
2021-11-11,3233.37,3233.59,3164.94,3169.01,3806182200.0
2021-11-12,3220.55,3241.13,3213.75,3239.35,2576431200.0
2021-11-15,3221.69,3241.92,3209.48,3228.02,2220424000.0
2021-11-16,3222.17,3243.45,3212.21,3222.51,2424140300.0
2021-11-17,3208.78,3226.11,3202.56,3217.1,1980082400.0
2021-11-18,3173.38,3199.21,3164.7,3199.21,2004218200.0
2021-11-19,3212.91,3217.82,3168.3,3170.79,2570957800.0
2021-11-22,3212.15,3228.29,3209.42,3217.33,2625728600.0
2021-11-23,3224.15,3237.65,3206.43,3206.94,2648181200.0
2021-11-24,3231.84,3247.78,3214.09,3226.02,2321025300.0
2021-11-25,3218.05,3236.26,3212.73,3233.26,2101052600.0
2021-11-26,3187.36,3214.05,3181.14,3213.63,2303656800.0
2021-11-29,3187.05,3188.11,3163.96,3170.69,2718079300.0
2021-11-30,3165.35,3196.04,3153.63,3186.25,2341928200.0
2021-12-01,3180.42,3182.38,3165.7,3166.61,2500413500.0
2021-12-02,3190.87,3198.03,3169.02,3179.99,2741773700.0
2021-12-03,3221.42,3221.42,3191.17,3191.17,2726907900.0
2021-12-06,3228.14,3257.19,3223.21,3234.43,3541274300.0
2021-12-07,3254.5,3262.08,3237.16,3255.56,3778374300.0
2021-12-08,3304.71,3306.97,3247.33,3263.26,3274665800.0
2021-12-09,3360.18,3393.16,3309.95,3312.33,4255631300.0
2021-12-10,3353.63,3353.63,3332.99,3339.24,3939067800.0
2021-12-13,3366.07,3428.74,3363.69,3391.62,3974870500.0
2021-12-14,3350.5,3364.52,3342.12,3353.03,3146983300.0
2021-12-15,3318.98,3359.67,3318.41,3340.75,2482180700.0
2021-12-16,3330.86,3330.86,3304.53,3312.7,2533735800.0
2021-12-17,3278.9,3330.23,3278.12,3321.67,2633376700.0
2021-12-20,3255.35,3294.13,3247.3,3264.1,2784848500.0
2021-12-21,3273.03,3277.37,3251.96,3253.29,2453674100.0
2021-12-22,3260.57,3287.76,3257.01,3280.69,2234285700.0
2021-12-23,3287.19,3287.19,3246.24,3265.71,2141772600.0
2021-12-24,3290.24,3306.91,3278.2,3293.3,2180618400.0
2021-12-27,3278.44,3291.98,3264.02,3286.11,1967563600.0
2021-12-28,3303.4,3307.79,3280.27,3282.6,2600226200.0
2021-12-29,3240.85,3308.23,3240.85,3308.21,2009854100.0
2021-12-30,3261.79,3277.0,3236.16,3240.26,2228503200.0
2021-12-31,3274.32,3282.68,3261.84,3269.61,2054996100.0
2022-01-04,3264.07,3281.74,3224.34,3277.67,2998263700.0
2022-01-05,3254.28,3289.16,3244.21,3259.21,3706405000.0
2022-01-06,3210.39,3251.12,3194.95,3242.53,3173040300.0
2022-01-07,3223.27,3240.74,3213.26,3213.26,4069472400.0
2022-01-10,3236.12,3237.22,3197.9,3217.35,3338280400.0
2022-01-11,3214.53,3247.9,3210.4,3229.46,3066642000.0
2022-01-12,3236.31,3244.23,3211.28,3220.19,3244169300.0
2022-01-13,3184.11,3247.82,3182.85,3243.05,3478230400.0
2022-01-14,3139.05,3173.85,3136.99,3173.85,3451703200.0
2022-01-17,3147.7,3159.19,3134.08,3139.41,2703608500.0
2022-01-18,3187.52,3198.47,3137.11,3147.85,3505729400.0
2022-01-19,3187.19,3201.94,3172.26,3194.92,3099126700.0
2022-01-20,3233.7,3251.22,3187.61,3188.14,4026112700.0
2022-01-21,3218.74,3234.47,3202.73,3227.2,3233270900.0
2022-01-24,3209.74,3218.98,3185.52,3204.18,2827422900.0
2022-01-25,3144.95,3198.11,3144.73,3192.12,3031000600.0
2022-01-26,3163.67,3169.53,3126.55,3156.65,2418172700.0
2022-01-27,3119.24,3168.76,3115.86,3168.14,3110144200.0
2022-01-28,3054.02,3140.29,3048.33,3127.18,3355530500.0
2022-02-07,3114.26,3129.19,3096.69,3102.62,3647509700.0
2022-02-08,3116.5,3118.58,3061.22,3107.89,4036531200.0
2022-02-09,3139.56,3148.23,3110.88,3118.97,3914440300.0
2022-02-10,3145.11,3146.96,3125.11,3145.33,3650563200.0
2022-02-11,3142.91,3172.09,3130.69,3133.8,4359771100.0
2022-02-14,3104.0,3131.84,3093.64,3131.39,3892574500.0
2022-02-15,3119.93,3126.42,3097.08,3101.36,2931343800.0
2022-02-16,3136.08,3150.86,3129.04,3134.88,2483496300.0
2022-02-17,3139.18,3156.87,3132.09,3138.77,2546109500.0
2022-02-18,3162.82,3162.82,3121.95,3126.28,2387899300.0
2022-02-21,3144.86,3155.88,3128.59,3155.32,2635931000.0
2022-02-22,3102.32,3122.29,3082.39,3122.04,3155638900.0
2022-02-23,3118.04,3120.34,3094.21,3108.9,2968900600.0
2022-02-24,3059.64,3104.7,3038.35,3098.14,4707185000.0
2022-02-25,3075.59,3104.87,3068.18,3076.8,3563301800.0
2022-02-28,3080.78,3081.36,3049.56,3069.1,3066536900.0
2022-03-01,3125.69,3129.26,3093.93,3093.93,2763798100.0
2022-03-02,3107.24,3113.35,3097.89,3108.62,2774565200.0
2022-03-03,3097.09,3124.89,3090.2,3117.65,3705587700.0
2022-03-04,3062.38,3079.47,3052.69,3068.4,3091675000.0
2022-03-07,2974.68,3042.02,2965.22,3042.02,4265843700.0
2022-03-08,2933.16,3005.56,2920.97,2983.05,4105561100.0
2022-03-09,2907.18,2965.57,2809.99,2949.33,4727191800.0
2022-03-10,2933.46,2973.61,2931.09,2969.49,3422380000.0
2022-03-11,2935.68,2944.25,2852.79,2897.34,3645774600.0
2022-03-14,2851.88,2920.71,2851.86,2889.83,3237405400.0
2022-03-15,2702.85,2825.55,2702.85,2808.73,5215842000.0
2022-03-16,2827.75,2836.85,2688.7,2746.15,4811657400.0
2022-03-17,2877.22,2918.54,2861.24,2888.24,4322726300.0
2022-03-18,2913.19,2925.72,2853.77,2869.7,4130299600.0
2022-03-21,2892.11,2919.26,2868.4,2919.26,3048465700.0
2022-03-22,2900.77,2921.73,2885.02,2893.57,3074521000.0
2022-03-23,2916.51,2928.44,2890.49,2908.97,3004670000.0
2022-03-24,2903.62,2918.3,2885.37,2898.14,2773392700.0
2022-03-25,2856.43,2910.92,2855.33,2898.49,2676999900.0
2022-03-28,2853.18,2866.07,2798.7,2817.26,3213623900.0
2022-03-29,2842.15,2873.61,2837.7,2854.8,2365905500.0
2022-03-30,2915.49,2915.49,2861.55,2864.24,3400523200.0
2022-03-31,2898.83,2915.51,2892.11,2901.07,3316818000.0
2022-04-01,2943.24,2954.51,2877.07,2886.36,3396884700.0
2022-04-06,2931.2,2941.05,2910.02,2918.5,4339490800.0
2022-04-07,2902.48,2943.24,2896.73,2916.8,3282274200.0
2022-04-08,2925.49,2929.89,2889.2,2903.24,3623532000.0
2022-04-11,2846.38,2908.54,2839.56,2908.54,3591882300.0
2022-04-12,2894.26,2895.53,2827.63,2854.29,3399392600.0
2022-04-13,2882.28,2914.2,2871.05,2881.74,3114819000.0
2022-04-14,2928.6,2947.45,2897.05,2905.77,2866772700.0
2022-04-15,2930.58,2943.6,2908.56,2911.14,2958959500.0
2022-04-18,2887.72,2902.44,2875.96,2902.44,2910085900.0
2022-04-19,2861.57,2899.26,2843.65,2881.9,2842842300.0
2022-04-20,2835.35,2868.57,2828.21,2859.6,2926854100.0
2022-04-21,2797.53,2848.82,2784.56,2821.36,3285548000.0
2022-04-22,2814.13,2826.68,2769.67,2773.37,3084168500.0
2022-04-25,2683.41,2772.55,2682.52,2750.56,4428581300.0
2022-04-26,2681.03,2729.19,2667.91,2685.27,4030079900.0
2022-04-27,2734.54,2737.03,2674.18,2674.46,4208586100.0
2022-04-28,2769.71,2775.06,2722.24,2725.63,3783453000.0
2022-04-29,2805.34,2820.55,2742.97,2772.95,4141487500.0
2022-05-05,2800.93,2824.54,2799.72,2806.04,3523176000.0
2022-05-06,2719.76,2760.44,2716.17,2754.97,2747984600.0
2022-05-09,2695.13,2716.66,2679.31,2706.42,2189333500.0
2022-05-10,2718.37,2733.11,2644.87,2653.99,3433016100.0
2022-05-11,2741.23,2769.48,2713.86,2714.68,3813222000.0
2022-05-12,2721.77,2740.52,2711.35,2723.41,2583563500.0
2022-05-13,2748.24,2760.43,2729.58,2741.77,2726297700.0
2022-05-16,2720.41,2765.9,2710.57,2764.39,2727873900.0
2022-05-17,2756.74,2756.74,2723.7,2730.42,2836239400.0
2022-05-18,2745.53,2765.28,2720.92,2765.28,2531908300.0
2022-05-19,2744.55,2748.3,2708.81,2711.45,2597853900.0
2022-05-20,2807.94,2807.98,2759.83,2759.83,3466762100.0
2022-05-23,2782.55,2813.93,2769.7,2813.93,2848875300.0
2022-05-24,2734.19,2786.54,2733.7,2784.65,3260985000.0
2022-05-25,2743.42,2749.07,2727.49,2737.64,2377273800.0
2022-05-26,2744.9,2760.8,2717.74,2749.99,2844144400.0
2022-05-27,2763.07,2789.24,2753.78,2766.32,2918524700.0
2022-05-30,2778.45,2788.98,2767.09,2777.85,2767430700.0
2022-05-31,2813.22,2817.49,2769.56,2780.56,3251868800.0
2022-06-01,2798.07,2812.78,2783.61,2811.15,2624483700.0
2022-06-02,2790.32,2794.1,2776.73,2786.08,2526837300.0
2022-06-06,2825.65,2826.6,2762.96,2792.44,4339136800.0
2022-06-07,2846.81,2863.14,2819.82,2828.16,3667886300.0
2022-06-08,2879.31,2888.67,2849.26,2857.69,3529928800.0
2022-06-09,2868.42,2896.74,2857.82,2877.88,3931963100.0
2022-06-10,2899.58,2902.48,2836.86,2843.58,4360883700.0
2022-06-13,2844.72,2868.62,2826.98,2862.9,4742483000.0
2022-06-14,2882.7031,2884.4656,2808.9799,2814.8173,4986870200.0
